Accession Number,Author,Title,Edition,Volume,Pages,Publisher,Year,ISBN,,,
FIC 000001,Erin Bow,Plain Kate,,,314,Scholastic Inc.,2012,978-0-545-16665-2,,,
FIC 000002,Andrew Sean Greer,Less,,,272,Lee Boudreaux Books,2017,978-0-316-31612-5,,,
FIC 000003,Han Kang,Greek Lessons,,,192,Hogarth,2011,978-0593595275,,,
FIC 000004,J.K. Rowling,Harry Potter and the Sorcerer's Stone,,,320,Scholastic Inc.,1997,978-0590353427,,,
FIC 000005,J.K. Rowling,Harry Potter and the Chamber of Secrets,,,352,Scholastic Inc.,1998,978-1338878936,,,
FIC 000006,J.K. Rowling,Harry Potter and the Prisoner of Azkaban,,,435,Scholastic Inc.,1999,978-0439136358,,,
FIC 000007,Gege Akutami,Jujutsu Kaisen Vol. 4,,4,199,Shueisha's Weekly Shōnen Jump,2020,978-1-9747-2025-5,,,
FIC 000008,Julia Quinn,An Offer from a Gentleman: Bridgerton,,,480,Avon Books,2021,9.78006E+12,,,
FIC 000009,Alison Davies,Be More Cat: Life Lessons from Our Feline Friends,,,142,Quadrille,2017,9.78185E+12,,,
FIC 000010,Tatsuya Endo,Spy x Family Vol. 5,1st,5,200,Shueisha,2021,978-1974718160,,,
FIC 000011,Chimamanda Ngozi Adichie,Half of a Yellow Sun,,,448,Knopf,2006,978-1400044160,,,
FIC 000012,Haruki Murakami,Norwegian Wood,,,296,Vintage International,2000,978-0375704024,,,
FIC 000013,Margaret Atwood,The Handmaid's Tale,,,311,Houghton Mifflin Harcourt,1985,978-0547345666,,,
FIC 000014,Colleen Hoover,It Ends with Us,,,384,Atria Books,2016,978-1501110368,,,
FIC 000015,George Orwell,1984,,,328,Harcourt Brace Jovanovich,1949,978-0451524935,,,
FIC 000016,Kazuo Ishiguro,Never Let Me Go,,,288,Knopf,2005,978-1400078776,,,
FIC 000017,Yuval Noah Harari,Sapiens: A Brief History of Humankind,,,443,Harper,2015,978-0062316097,,,
FIC 000018,Michelle Zauner,Crying in H Mart,,,256,Knopf,2021,978-0525657743,,,
FIC 000019,F. Scott Fitzgerald,The Great Gatsby,,,180,Charles Scribner's Sons,1925,978-0743273565,,,
FIC 000020,Suzanne Collins,The Hunger Games,,,384,Scholastic Inc.,2008,978-0439023481,,,
FIC 000021,Emily Henry,Beach Read,,,384,Berkley,2020,978-1984806734,,,
FIC 000022,Katherine Applegate,The One and Only Ivan,,,336,HarperCollins,2012,978-0061992254,,,
FIC 000023,Gege Akutami,Jujutsu Kaisen Vol. 5,,5,192,Shueisha's Weekly Shōnen Jump,2020,978-1974719235,,,
FIC 000024,Tatsuya Endo,Spy x Family Vol. 6,1st,6,208,Shueisha,2021,978-1974725137,,,
FIC 000025,Rupi Kaur,Milk and Honey,,,208,Andrews McMeel Publishing,2015,978-1449474256,,,
FIC 000026,Louise Penny,Still Life: Chief Inspector Armand Gamache Novel,,,306,St. Martin's Press,2005,978-0312541538,,,
FIC 000027,Brandon Sanderson,Mistborn: The Final Empire,,,541,Tor Books,2006,978-0765311788,,,
FIC 000028,Rick Riordan,The Lightning Thief,,,377,Disney-Hyperion,2005,978-0786838653,,,
FIC 000029,Rick Riordan,The Sea of Monsters,,,279,Disney-Hyperion,2006,978-1423103349,,,
FIC 000030,Victor Hugo,Les Misérables,Unabridged,,1463,Signet Classics,1862,978-0451419439,,,
FIC 000031,John Green,The Fault in Our Stars,,,313,Dutton Books,2012,978-0525478812,,,
FIC 000032,Paulo Coelho,The Alchemist,,,208,HarperOne,1988,978-0061122415,,,
FIC 000033,Neil Gaiman,Coraline,,,162,HarperCollins,2002,978-0061139376,,,
FIC 000034,Elizabeth Acevedo,The Poet X,,,368,HarperTeen,2018,978-0062662804,,,
FIC 000035,Marjane Satrapi,Persepolis: The Story of a Childhood,1st,,153,Pantheon,2000,978-0375714573,,,
FIC 000036,Frank Herbert,Dune,,,688,Chilton Books,1965,978-0441172719,,,
FIC 000037,Robert Jordan,The Eye of the World,,,782,Tor Books,1990,978-0812511819,,,
FIC 000038,Kristin Hannah,The Nightingale,,,564,St. Martin's Press,2015,978-0312577223,,,
FIC 000039,Sarah J. Maas,A Court of Thorns and Roses,1st,,432,Bloomsbury,2015,978-1619634442,,,
FIC 000040,Leigh Bardugo,Six of Crows,,,465,Henry Holt and Co.,2015,978-1627792127,,,
FIC 000041,V.E. Schwab,A Darker Shade of Magic,,,400,Tor Books,2015,978-0765376466,,,
FIC 000042,Cassandra Clare,City of Bones,,,485,Margaret K. McElderry Books,2007,978-1416914280,,,
FIC 000043,J.R.R. Tolkien,The Hobbit,,,310,George Allen & Unwin,1937,978-0547928227,,,
FIC 000044,Oscar Wilde,The Picture of Dorian Gray,,,254,Ward, Lock & Co.,1890,978-0486278070,,
FIC 000045,Ernest Cline,Ready Player One,,,384,Crown Publishing Group,2011,978-0307887443,,,
FIC 000046,Mary Shelley,Frankenstein,1st,,280,Lackington, Hughes, Harding, Mavor & Jones,1818,978-0486282114
FIC 000047,Jane Austen,Pride and Prejudice,,,279,T. Egerton,1813,978-1503290563,,,
FIC 000048,Charlotte Brontë,Jane Eyre,,,500,Smith, Elder & Co.,1847,978-0141441146,,
FIC 000049,Markus Zusak,The Book Thief,,,552,Knopf,2005,978-0375842207,,,
FIC 000050,Stephanie Meyer,Twilight,,,498,Little, Brown and Company,2005,978-0316015844,,
FIC 000051,Agatha Christie,The Murder of Roger Ackroyd,,,256,HarperCollins,1926,978-0062073501,,,
FIC 000052,Stephen King,The Shining,,,659,Doubleday,1977,978-0307743657,,,
FIC 000053,Isaac Asimov,Foundation,,,296,Gnome Press,1951,978-0553293357,,,
FIC 000054,Ray Bradbury,Fahrenheit 451,,,249,Ballantine Books,1953,978-1451673319,,,
FIC 000055,Tolkien,The Fellowship of the Ring,1st,,423,Houghton Mifflin,1954,978-0618574940,,,
FIC 000056,Arthur Conan Doyle,Sherlock Holmes: The Hound of the Baskervilles,,,224,George Newnes,1902,978-0451528018,,,
FIC 000057,Cheryl Strayed,Wild: From Lost to Found on the Pacific Crest Trail,,,315,Alfred A. Knopf,2012,978-0307476074,,,
FIC 000058,Zadie Smith,On Beauty,,,435,Penguin Press,2005,978-0141018777,,,
FIC 000059,Haruki Murakami,1Q84,,,928,Knopf,2009,978-0307593313,,,
FIC 000060,Stieg Larsson,The Girl with the Dragon Tattoo,,,465,Vintage Crime/Black Lizard,2005,978-0307949486,,,
FIC 000061,George R.R. Martin,A Game of Thrones,,,694,Bantam Books,1996,978-0553103540,,,
FIC 000062,Brandon Sanderson,The Way of Kings,,,1007,Tor Books,2010,978-0765326355,,,
FIC 000063,Dan Brown,The Da Vinci Code,,,689,Doubleday,2003,978-0385504201,,,
FIC 000064,John Green,Looking for Alaska,,,221,Dutton Books,2005,978-0525475065,,,
FIC 000065,Mark Haddon,The Curious Incident of the Dog in the Night-Time,,,226,Doubleday,2003,978-1400032716,,,
FIC 000066,Charles Dickens,A Tale of Two Cities,,,489,Chapman & Hall,1859,978-1503219703,,,
FIC 000067,Virginia Woolf,To the Lighthouse,,,214,Harcourt Brace & Co.,1927,978-0156907392,,,
FIC 000068,Harper Lee,Go Set a Watchman,,,278,HarperCollins,2015,978-0062409850,,,
FIC 000069,Kurt Vonnegut,Slaughterhouse-Five,,,275,Delacorte Press,1969,978-0440180296,,,
FIC 000070,Margaret Atwood,Oryx and Crake,,,366,Nan A. Talese,2003,978-0385721677,,,
FIC 000071,Suzanne Collins,Catching Fire,,,391,Scholastic Inc.,2009,978-0439023511,,,
FIC 000072,James Baldwin,Go Tell It on the Mountain,,,304,Knopf,1953,978-0375701987,,,
FIC 000073,Colson Whitehead,The Underground Railroad,,,306,Doubleday,2016,978-0385542364,,,
FIC 000074,Ernest Hemingway,The Old Man and the Sea,,,127,Charles Scribner's Sons,1952,978-0684801223,,,
FIC 000075,Maya Angelou,I Know Why the Caged Bird Sings,,,288,Random House,1969,978-0345514400,,,
FIC 000076,George Orwell,Animal Farm,,,112,Secker & Warburg,1945,978-0451526340,,,
FIC 000077,Douglas Adams,The Hitchhiker's Guide to the Galaxy,25th,,224,Pan Books,1979,978-0345391803,,,
FIC 000078,Leo Tolstoy,War and Peace,,,1392,The Russian Messenger,1869,978-1400079988,,,
FIC 000079,Oscar Wilde,The Importance of Being Earnest,,,75,L. Werder,1895,978-0486264781,,,
FIC 000080,Agatha Christie,Death on the Nile,,,276,Collins,1937,978-0062073501,,,
FIC 000081,Neil Gaiman,American Gods,10th,,465,HarperCollins,2001,978-0380789030,,,
FIC 000082,Haruki Murakami,Kafka on the Shore,,,496,Alfred A. Knopf,2002,978-1400079278,,,
FIC 000083,Marissa Meyer,The Lunar Chronicles: Cinder,,,387,Feiwel & Friends,2012,978-1250007209,,,
FIC 000084,Chuck Palahniuk,Fight Club,,,208,W.W. Norton & Company,1996,978-0393327342,,,
FIC 000085,James Joyce,Ulysses,,,732,Sylvia Beach,1922,978-0141182803,,,
FIC 000086,J.R.R. Tolkien,The Two Towers,1st,,352,Houghton Mifflin,1954,978-0618574988,,,
FIC 000087,Jane Austen,Sense and Sensibility,,,392,Thomas Davison,1811,978-1503292383,,,
FIC 000088,J.K. Rowling,Harry Potter and the Goblet of Fire,,,734,Scholastic Inc.,2000,978-0439139601,,,
FIC 000089,Colleen Hoover,Verity,,,333,Atria Books,2018,978-1791392798,,,
FIC 000090,David Foster Wallace,Infinite Jest,,,1079,Little, Brown and Company,1996,978-0316920049,,
FIC 000091,Kiera Cass,The Selection,1st,,327,HarperTeen,2012,978-0062230023,,,
FIC 000092,Philip Pullman,The Golden Compass,,,399,Alfred A. Knopf,1995,978-0679879242,,,
FIC 000093,Brandon Sanderson,Words of Radiance,2nd,,1088,Tor Books,2014,978-0765326362,,,
FIC 000094,Stephen King,It,,,1138,Viking,1986,978-0450411434,,,
FIC 000095,Rick Riordan,The Battle of the Labyrinth,,,361,Disney-Hyperion,2008,978-1423101468,,,
FIC 000096,Suzanne Collins,Mockingjay,,,390,Scholastic Inc.,2010,978-0439023511,,,
FIC 000097,Jeffrey Archer,The Clifton Chronicles: Only Time Will Tell,,,458,Pan Macmillan,2011,978-0330527283,,,
FIC 000098,Jodi Picoult,My Sister's Keeper,,,423,Atria Books,2004,978-0743498414,,,
FIC 000099,Emily Giffin,Something Borrowed,,,324,St. Martin's Press,2005,978-0312311283,,,
FIC 000100,John Grisham,The Firm,,,448,Doubleday,1991,978-0385416341,,,
FIC 000101,Trenton Lee Stewart,The Mysterious Benedict Society,,,485,Little, Brown and Company,2007,978-0316039923,,
FIC 000102,Matthew Quick,The Silver Linings Playbook,,,304,Picador,2008,978-0316041742,,,
FIC 000103,George R.R. Martin,The Winds of Winter,Unpublished,,,N/A,Bantam Books,2025,978-0345535427,,
FIC 000104,Harper Lee,The Mockingbird Next Door,,,335,HarperCollins,2015,978-0062409881,,,
FIC 000105,Dan Brown,Inferno,,,480,Doubleday,2013,978-0385537858,,,
FIC 000106,Stephen King,The Stand,Complete,1st,,1152,Anchor Books,1978,978-0307947307,,
FIC 000107,Charles Dickens,Great Expectations,,,505,Chapman & Hall,1861,978-1503275188,,,
FIC 000108,Orson Scott Card,Ender's Game,1st,,324,Warner Books,1985,978-0812550702,,,
FIC 000109,Paulo Coelho,Brida,,,368,HarperOne,2006,978-0061712056,,,
FIC 000110,Malala Yousafzai,I Am Malala,,,327,Little, Brown and Company,2013,978-0316322409,,
FIC 000111,J.R.R. Tolkien,The Return of the King,1st,,416,Houghton Mifflin,1955,978-0618574970,,,
FIC 000112,Khaled Hosseini,The Kite Runner,,,371,Riverhead Books,2003,978-1594480003,,,
FIC 000113,Louise Erdrich,Louise Erdrich's The Round House,,,368,HarperCollins,2012,978-0062065247,,,
FIC 000114,Elena Ferrante,My Brilliant Friend,,,480,Europa Editions,2012,978-1609450786,,,
FIC 000115,N.K. Jemisin,The Fifth Season,,,468,Orbit,2015,978-0316335439,,,
FIC 000116,Isabel Allende,The House of the Spirits,,,480,Penguin,1982,978-1501117039,,,
FIC 000117,John Steinbeck,East of Eden,,,601,Viking,1952,978-0142000651,,,
FIC 000118,David Mitchell,Cloud Atlas,,,509,Random House,2004,978-0375507250,,,
FIC 000119,Leo Tolstoy,Anna Karenina,,,864,The Russian Messenger,1878,978-0140449174,,,
FIC 000120,Sylvia Plath,The Bell Jar,,,288,Heinemann,1963,978-0060837020,,,
FIC 000121,J.D. Salinger,The Catcher in the Rye,,,277,Little, Brown and Company,1951,978-0316769488,,
FIC 000122,John Green,An Abundance of Katherines,,,304,Dutton Books,2006,978-0525476888,,,
FIC 000123,Isaac Asimov,The Gods Themselves,,,287,Doubleday,1972,978-0385115767,,,
FIC 000124,Terry Pratchett,Guards! Guards!,,,384,Gollancz,1989,978-0552135049,,,
FIC 000125,Neil Gaiman,Good Omens,1st,,412,Workman Publishing,1990,978-0060853980,,,
FIC 000126,Aldous Huxley,Brave New World,,,288,Chatto & Windus,1932,978-0060850521,,,
FIC 000127,Ernest Hemingway,The Sun Also Rises,,,251,Charles Scribner's Sons,1926,978-0749299301,,,
FIC 000128,William Peter Blatty,The Exorcist,,,400,Harper & Row,1971,978-0061007226,,,
FIC 000129,Richard Adams,Watership Down,,,478,Rex Collings,1972,978-0345303414,,,
FIC 000130,J.R.R. Tolkien,The Silmarillion,,,365,Houghton Mifflin,1977,978-0618331370,,,
FIC 000131,Arthur C. Clarke,2001: A Space Odyssey,,,296,New American Library,1968,978-0451457998,,,
FIC 000132,Franz Kafka,The Metamorphosis,,,101,Schocken Books,1915,978-0805209999,,,
FIC 000133,Mark Twain,Adventures of Huckleberry Finn,,,366,Charles L. Webster,1885,978-0143107322,,,
FIC 000134,Joseph Heller,Catch-22,,,453,Simon & Schuster,1961,978-1451626650,,,
FIC 000135,Haruki Murakami,The Wind-Up Bird Chronicle,,,625,Alfred A. Knopf,1994,978-0679764022,,,
FIC 000136,Mikhail Bulgakov,The Master and Margarita,,,448,Vintage Books,1967,978-0141183091,,,
FIC 000137,Kurt Vonnegut,Cat's Cradle,,,278,Viking Press,1963,978-0385333504,,,
FIC 000138,Erich Maria Remarque,All Quiet on the Western Front,,,356,Little, Brown and Company,1929,978-0449213940,,
FIC 000139,Emily Dickinson,The Complete Poems of Emily Dickinson,,,1012,Little, Brown and Company,1955,978-0316183435,,
FIC 000140,Louise Penny,The Long Way Home,,,448,Minotaur Books,2014,978-0312548682,,,
FIC 000141,Gillian Flynn,Gone Girl,,,422,Crown Publishing Group,2012,978-0307588364,,,
FIC 000142,Shakespeare,The Complete Works of William Shakespeare,,,1300,Wordsworth Editions,1996,978-1853268957,,,
FIC 000143,Marilynne Robinson,Gilead,,,337,Farrar, Straus and Giroux,2004,978-0374185236,,
FIC 000144,Patrick Rothfuss,The Name of the Wind,1st,,662,DAW Books,2007,978-0756404741,,,
FIC 000145,Donna Tartt,The Goldfinch,,,771,Little, Brown and Company,2013,978-0316055442,,
FIC 000146,John Irving,The World According to Garp,,,437,Dutton Books,1978,978-0452264433,,,
FIC 000147,Barbara Kingsolver,The Poisonwood Bible,,,546,HarperCollins,1998,978-0061577079,,,
FIC 000148,Shirley Jackson,The Haunting of Hill House,,,182,Viking Press,1959,978-0143039983,,,
FIC 000149,Stephen King,Dolores Claiborne,,,305,Viking,1992,978-0452273874,,,
FIC 000150,George R.R. Martin,A Clash of Kings,,,768,Bantam Books,1998,978-0553108033,,,
FIC 000151,William Faulkner,The Sound and the Fury,,,326,Jonathan Cape,1929,978-0679732242,,,
FIC 000152,Daphne du Maurier,Rebecca,,,416,Victor Gollancz,1938,978-0141185149,,,
FIC 000153,J.D. Salinger,Franny and Zooey,,,234,Little, Brown and Company,1961,978-0316769488,,
FIC 000154,Louise Erdrich,The Painted Drum,,,405,HarperCollins,2005,978-0060594077,,,
FIC 000155,Chimamanda Ngozi Adichie,Americanah,,,477,Knopf,2013,978-0307271082,,,
FIC 000156,Thomas Pynchon,Gravity's Rainbow,,,760,Viking Press,1973,978-0143039983,,,
FIC 000157,Michael Ende,The Neverending Story,,,448,Reinhard P. Schmitz,1979,978-0143123769,,,
FIC 000158,Kurt Vonnegut,Slaughterhouse-Five,,,275,Dell Publishing,1969,978-0385333849,,,
FIC 000159,Susan Collins,Catching Fire,,,391,Scholastic Press,2009,978-0439023511,,,
FIC 000160,Elie Wiesel,Night,,,120,Hill and Wang,1960,978-0374500016,,,
FIC 000161,Erin Morgenstern,The Night Circus,,,512,Doubleday,2011,978-0385534635,,,
FIC 000162,Ray Bradbury,Fahrenheit 451,,,158,Ballantine Books,1953,978-1451673319,,,
FIC 000163,Margaret Atwood,The Blind Assassin,,,523,Doubleday Canada,2000,978-0385498443,,,
FIC 000164,George R.R. Martin,A Storm of Swords,,,973,Bantam Books,2000,978-0553106633,,,
FIC 000165,Jane Austen,Emma,,,474,Harper & Brothers,1815,978-0141439587,,,
FIC 000166,Henry David Thoreau,Walden,,,256,Ticknor and Fields,1854,978-0486284953,,,
FIC 000167,Thomas Hardy,Far from the Madding Crowd,,,504,Macmillan,1874,978-0141439587,,,
FIC 000168,Kurt Vonnegut,Breakfast of Champions,,,275,Delacorte Press,1973,978-0385333139,,,
FIC 000169,William Golding,Lord of the Flies,,,224,Faber and Faber,1954,978-0399501487,,,
FIC 000170,Liane Moriarty,Big Little Lies,,,460,Berkley,2014,978-0452295374,,,
FIC 000171,Colleen Hoover,Verity,Special Edition,,,389,Atria Books,2018,978-1791392798,,
FIC 000172,J.R.R. Tolkien,The Fellowship of the Ring,,,423,Houghton Mifflin,1954,978-0618574949,,,
FIC 000173,Malcolm Gladwell,Outliers: The Story of Success,,,320,Little, Brown and Company,2008,978-0316017923,,
FIC 000174,Dan Brown,The Da Vinci Code,,,454,Doubleday,2003,978-0385504201,,,
FIC 000175,Stephen King,Pet Sematary,,,374,Doubleday,1983,978-0451167166,,,
FIC 000176,Agatha Christie,Murder on the Orient Express,,,288,Collins Crime Club,1934,978-0062073501,,,
FIC 000177,Diana Gabaldon,Outlander,,,627,Delacorte Press,1991,978-0385302303,,,
FIC 000178,John Steinbeck,Of Mice and Men,,,112,Covici-Friede,1937,978-0140177398,,,
FIC 000179,George Orwell,Homage to Catalonia,,,213,Secker and Warburg,1938,978-0452274611,,,
FIC 000180,Harper Lee,Go Set a Watchman,,,278,HarperCollins,2015,978-0062409850,,,
FIC 000181,Agatha Christie,And Then There Were None,,,264,Collins,1939,978-0062073488,,,
FIC 000182,Louise Penny,Bury Your Dead,,,405,Minotaur Books,2010,978-0312570736,,,
FIC 000183,David Walliams,The Boy in the Dress,,,258,HarperCollins,2008,978-0007235786,,,
FIC 000184,Cormac McCarthy,The Road,,,287,Alfred A. Knopf,2006,978-0307387899,,,
FIC 000185,Truman Capote,In Cold Blood,,,343,Random House,1966,978-0679745583,,,
FIC 000186,Jojo Moyes,Me Before You,,,369,Penguin,2012,978-0143124544,,,
FIC 000187,Philip K. Dick,Do Androids Dream of Electric Sheep?,1st,,216,Del Rey,1968,978-0345404473,,,
FIC 000188,Raymond Chandler,The Big Sleep,,,231,Alfred A. Knopf,1939,978-0394758280,,,
FIC 000189,David Baldacci,Memory Man,,,400,Grand Central Publishing,2015,978-1455582222,,,
FIC 000190,James Dashner,The Maze Runner,,,374,Delacorte Press,2009,978-0385737944,,,
FIC 000191,Maggie Stiefvater,The Raven Boys,1st,,409,Scholastic Press,2012,978-0545424929,,,
FIC 000192,Nadine Gordimer,July's People,,,304,Viking Press,1981,978-0670403735,,,
FIC 000193,Salman Rushdie,Midnight's Children,,,534,Random House,1981,978-0812976531,,,
FIC 000194,Arthur Golden,Memoirs of a Geisha,,,434,Alfred A. Knopf,1997,978-0679776021,,,
FIC 000195,John Irving,The Cider House Rules,,,560,William Morrow and Company,1985,978-0452282909,,,
FIC 000196,Ray Bradbury,The Martian Chronicles,,,192,Doubleday,1950,978-1451678191,,,
FIC 000197,Haruki Murakami,1Q84,,,1318,Alfred A. Knopf,2009,978-0307473473,,,
FIC 000198,Sharon Kay Penman,The Sunne in Splendour,,,943,St. Martin's Press,1982,978-0312134707,,,
FIC 000199,Megan Miranda,The Perfect Stranger,,,368,Simon & Schuster,2017,978-1501107995,,,
FIC 000200,Louise Penny,The Beautiful Mystery,,,400,Minotaur Books,2012,978-0312658204,,,
FIC 000201,David Mitchell,Cloud Atlas,,,509,Random House,2004,978-0375507250,,,
FIC 000202,Anthony Doerr,All the Light We Cannot See,,,531,Scribner,2014,978-1501173219,,,
FIC 000203,Harper Lee,To Kill a Mockingbird,,,324,J.B. Lippincott & Co.,1960,978-0060935467,,,
FIC 000204,William Shakespeare,Macbeth,,,256,Penguin Classics,1620,978-0141391179,,,
FIC 000205,Donna Tartt,The Secret History,,,559,Alfred A. Knopf,1992,978-0679410329,,,
FIC 000206,Ken Follett,The Pillars of the Earth,,,973,Penguin Books,1989,978-0451166893,,,
FIC 000207,Louise Penny,How the Light Gets In,,,400,Minotaur Books,2013,978-0312661549,,,
FIC 000208,J.K. Rowling,The Casual Vacancy,,,512,Little, Brown and Company,2012,978-0316228534,,
FIC 000209,Barbara Kingsolver,The Lacuna,,,536,HarperCollins,2009,978-0060852556,,,
FIC 000210,Charles Dickens,A Tale of Two Cities,,,448,Chapman & Hall,1859,978-0140430547,,,
FIC 000211,John Steinbeck,East of Eden,,,601,Viking Press,1952,978-0142000656,,,
FIC 000212,Stephen King,It,,,1138,Viking Penguin,1986,978-0450411434,,,
FIC 000213,Herman Melville,Moby-Dick,,,635,Harper & Brothers,1851,978-1503280786,,,
FIC 000214,Agatha Christie,The Murder of Roger Ackroyd,,,314,Collins Crime Club,1926,978-0062073587,,,
FIC 000215,J.R.R. Tolkien,The Two Towers,,,352,Houghton Mifflin,1954,978-0618574956,,,
FIC 000216,Louise Penny,The Nature of the Beast,,,423,Minotaur Books,2015,978-1250022116,,,
FIC 000217,George Orwell,Animal Farm,,,112,Secker & Warburg,1945,978-0451526342,,,
FIC 000218,J.K. Rowling,Harry Potter and the Goblet of Fire,,,734,Scholastic Inc.,2000,978-0439139601,,,
FIC 000219,Erik Larson,The Devil in the White City,,,447,Crown Publishers,2003,978-0375725609,,,
FIC 000220,David Foster Wallace,Infinite Jest,,,1079,Little, Brown and Company,1996,978-0316920049,,
FIC 000221,Shannon Hale,The Goose Girl,,,400,Bloomsbury,2003,978-1582349084,,,
FIC 000222,Jeffrey Eugenides,Middlesex,,,529,Farrar, Straus and Giroux,2002,978-0312427733,,
FIC 000223,Susan Collins,Mockingjay,,,390,Scholastic Press,2010,978-0439023511,,,
FIC 000224,William Faulkner,As I Lay Dying,,,247,Vintage,1930,978-0679732252,,,
FIC 000225,Neil Gaiman,American Gods,,,465,Anansi Press,2001,978-0380789030,,,
FIC 000226,Jonathan Franzen,The Corrections,,,567,Farrar, Straus and Giroux,2001,978-0374262002,,
FIC 000227,Amy Tan,The Joy Luck Club,,,496,Putnam,1989,978-0452295299,,,
FIC 000228,Stephen King,The Shining,,,447,Doubleday,1977,978-0307743657,,,
FIC 000229,Orson Scott Card,Ender's Game,,,324,Tor Books,1985,978-0812550702,,,
FIC 000230,Douglas Adams,The Hitchhiker's Guide to the Galaxy,,,224,Pan Books,1979,978-0345391803,,,
FIC 000231,J.R.R. Tolkien,The Return of the King,,,416,Houghton Mifflin,1955,978-0618574970,,,
FIC 000232,Kurt Vonnegut,Slaughterhouse-Five,25th Anniversary Edition,,275,Delacorte Press,1969,978-0385333849,,,
FIC 000233,J.D. Salinger,Nine Stories,,,288,Little, Brown and Company,1953,978-0316769518,,
FIC 000234,George R.R. Martin,The Winds of Winter,,,950,Bantam Books,2024,978-0553588608,,,
FIC 000235,Isaac Asimov,Foundation,,,255,Gnome Press,1951,978-0553293357,,,
FIC 000236,Pat Conroy,The Prince of Tides,,,576,Harcourt Brace Jovanovich,1986,978-0553574390,,,
FIC 000237,Kate Atkinson,Life After Life,,,534,Reagan Arthur Books,2013,978-0316176482,,,
FIC 000238,Markus Zusak,I Am the Messenger,,,357,Alfred A. Knopf,2002,978-0375836680,,,
FIC 000239,Danielle Steel,The Ghost,,,336,Delacorte Press,1997,978-0440235612,,,
FIC 000240,J.K. Rowling,Harry Potter and the Order of the Phoenix,,,870,Scholastic Inc.,2003,978-0439358071,,,
FIC 000241,J.K. Rowling,Harry Potter and the Half-Blood Prince,,,652,Scholastic Inc.,2005,978-0439785969,,,
FIC 000242,J.K. Rowling,Harry Potter and the Deathly Hallows,,,759,Scholastic Inc.,2007,978-0545139700,,,
FIC 000243,Ernest Hemingway,The Old Man and the Sea,,,127,Charles Scribner's Sons,1952,978-0684801223,,,
FIC 000244,Margaret Atwood,The Testaments,,,419,Nan A. Talese,2019,978-0385543781,,,
FIC 000245,Neil Gaiman,Good Omens,,,412,Workman Publishing,1990,978-0060853980,,,
FIC 000246,John Grisham,The Firm,,,464,Doubleday,1991,978-0385416341,,,
FIC 000247,Erik Larson,Dead Wake: The Last Crossing of the Lusitania,,,430,Crown Publishers,2015,978-0307408846,,,
FIC 000248,Jojo Moyes,The Giver of Stars,,,399,Pamela Dorman Books,2019,978-0399562488,,,
FIC 000249,Sally Rooney,Normal People,,,273,Faber & Faber,2018,978-0571334650,,,
FIC 000250,Dan Brown,Angels & Demons,,,616,Doubleday,2000,978-0743486224,,,
FIC 000251,Shakespeare,The Tempest,,,205,Penguin Classics,1611,978-0140714986,,,
FIC 000252,Maggie Stiefvater,Shiver,,,392,Scholastic Press,2009,978-0545123266,,,
FIC 000253,Diane Setterfield,The Thirteenth Tale,,,432,Atria Books,2006,978-0743298023,,,
FIC 000254,Liane Moriarty,Truly Madly Guilty,,,512,Flatiron Books,2016,978-1250069793,,,
FIC 000255,Colleen Hoover,Verity (Special Edition),,,389,Atria Books,2018,978-1791392798,,,
FIC 000256,Isabel Allende,The House of the Spirits,,,473,Random House,1982,978-1501117032,,,
FIC 000257,Chuck Palahniuk,Fight Club,,,208,W.W. Norton & Company,1996,978-0393337779,,,
FIC 000258,Rebecca Skloot,The Immortal Life of Henrietta Lacks,,,381,Crown Publishing Group,2010,978-1400052189,,,
FIC 000259,James Patterson,Along Came a Spider,,,448,Little, Brown and Company,2001,978-0316969674,,
FIC 000260,Virginia Woolf,To the Lighthouse,,,209,Harcourt Brace,1927,978-0156907392,,,
FIC 000261,Tess Gerritsen,The Surgeon,,,307,Ballantine Books,2001,978-0345454576,,,
FIC 000262,Cormac McCarthy,No Country for Old Men,,,305,Alfred A. Knopf,2005,978-0307387134,,,
FIC 000263,David McKee,Elmer,,,32,Andersen Press,1989,978-1842704630,,,
FIC 000264,Patricia Cornwell,Postmortem,,,464,Scribner,1990,978-0671728187,,,
FIC 000265,Khaled Hosseini,The Kite Runner,,,371,Riverhead Books,2003,978-1594480003,,,
FIC 000266,Haruki Murakami,The Wind-Up Bird Chronicle,,,607,Alfred A. Knopf,1997,978-0375704024,,,
FIC 000267,Jane Austen,Sense and Sensibility,,,384,T. Egerton,1811,978-1503290242,,,
FIC 000268,William Shakespeare,The Complete Works,,,1240,Oxford World's Classics,2009,978-0199535811,,,
FIC 000269,Tracy Chevalier,Girl with a Pearl Earring,,,240,Dutton,1999,978-0452295299,,,
FIC 000270,Donna Tartt,The Goldfinch,,,771,Little, Brown and Company,2013,978-0316055437,,
FIC 000271,Kurt Vonnegut,Cat's Cradle,,,298,Holt, Rinehart and Winston,1963,978-0385315205,,
FIC 000272,Jonathan Safran Foer,Extremely Loud and Incredibly Close,,,368,Houghton Mifflin,2005,978-0618771376,,,
FIC 000273,Shakespeare,Othello,,,256,Penguin Classics,1603,978-0140714788,,,
FIC 000274,Chimamanda Ngozi Adichie,Americanah,,,448,Alfred A. Knopf,2013,978-0307456416,,,
FIC 000275,Stephen King,The Dark Tower: The Gunslinger,,,320,Grant,1982,978-0452284767,,,
FIC 000276,George R.R. Martin,A Clash of Kings,,,768,Bantam Books,1998,978-0553108033,,,
FIC 000277,N.K. Jemisin,The Fifth Season,,,512,Orbit,2015,978-0316335433,,,
FIC 000278,Joan Didion,The Year of Magical Thinking,,,227,Knopf,2005,978-1400077902,,,
FIC 000279,Rick Riordan,The Battle of the Labyrinth,,,361,Hyperion Books,2007,978-1423101469,,,
FIC 000280,Susan Collins,Catching Fire,,,391,Scholastic Press,2009,978-0439023498,,,
FIC 000281,Mark Haddon,The Curious Incident of the Dog in the Night-Time,,,226,Doubleday,2003,978-1400032716,,,
FIC 000282,Dan Brown,The Lost Symbol,,,509,Doubleday,2009,978-0385504225,,,
FIC 000283,Stephen King,The Stand,,,1152,Doubleday,1978,978-0385121673,,,
FIC 000284,Michael Ende,The Neverending Story,,,416,Puffin Books,1979,978-0141354959,,,
FIC 000285,Erich Maria Remarque,All Quiet on the Western Front,,,296,Little, Brown and Company,1928,978-0449213940,,
FIC 000286,Mitch Albom,The Five People You Meet in Heaven,,,196,Hyperion,2003,978-0786868711,,,
FIC 000287,Alex Michaelides,The Silent Patient,,,325,Celadon Books,2019,978-1250301697,,,
FIC 000288,Lucy Foley,The Guest List,,,368,HarperCollins,2020,978-0062868930,,,
FIC 000289,Matt Haig,The Midnight Library,,,304,Viking,2020,978-0525559474,,,
FIC 000290,Ken Kesey,One Flew Over the Cuckoo's Nest,,,320,Viking Press,1962,978-0451163960,,,
FIC 000291,Susan Hill,The Woman in Black,,,208,Doubleday,1983,978-0099570773,,,
FIC 000292,Louise Penny,Bury Your Dead,,,405,Minotaur Books,2010,978-0312570736,,,
FIC 000293,Stephen King,It,,,1138,Viking Penguin,1986,978-0450411434,,,
FIC 000294,Jeffrey Archer,Kane and Abel,,,512,Macmillan,1979,978-0317119835,,,
FIC 000295,Susan Collins,The Hunger Games,,,374,Scholastic,2008,978-0439023481,,,
FIC 000296,Ken Follett,World Without End,,,1000,Dutton,2007,978-0452295268,,,
FIC 000297,David Baldacci,The Last Mile,,,390,Grand Central Publishing,2016,978-1455582284,,,
FIC 000298,John Green,Looking for Alaska,,,221,Dutton Books,2005,978-0525475065,,,
FIC 000299,Cormac McCarthy,The Road,,,287,Alfred A. Knopf,2006,978-0307387899,,,
FIC 000300,Neil Gaiman,Coraline,,,162,HarperCollins,2002,978-0061139376,,,
FIC 000301,George Orwell,1984,,,328,Harcourt Brace Jovanovich,1949,978-0451524935,,,
FIC 000302,Harper Lee,To Kill a Mockingbird,,,281,J.B. Lippincott & Co.,1960,978-0060935467,,,
FIC 000303,Stephen King,The Shining,,,447,Doubleday,1977,978-0385121673,,,
FIC 000304,Mary Shelley,Frankenstein,,,280,Penguin Classics,1818,978-0486282114,,,
FIC 000305,Jane Austen,Emma,,,474,John Murray,1815,978-1503290211,,,
FIC 000306,F. Scott Fitzgerald,The Great Gatsby,,,180,Charles Scribner's Sons,1925,978-0743273565,,,
FIC 000307,Ernest Hemingway,The Old Man and the Sea,,,127,Charles Scribner's Sons,1952,978-0684801223,,,
FIC 000308,Louise Penny,Still Life: Chief Inspector Armand Gamache Novel,,,306,St. Martin's Press,2005,978-0312541538,,,
FIC 000309,George R.R. Martin,Game of Thrones,,,694,Bantam Books,1996,978-0553103540,,,
FIC 000310,Agatha Christie,And Then There Were None,,,272,Collins,1939,978-0062073488,,,
FIC 000311,Rick Riordan,The Titan's Curse,,,312,Disney-Hyperion,2007,978-1423101469,,,
FIC 000312,John Green,The Fault in Our Stars,,,313,Dutton Books,2012,978-0525478812,,,
FIC 000313,Paulo Coelho,The Alchemist,,,208,HarperOne,1988,978-0061122415,,,
FIC 000314,Emily Brontë,Wuthering Heights,,,340,Thomas Cautley Newby,1847,978-0141439556,,,
FIC 000315,Victor Hugo,Les Misérables,,,1463,Signet Classics,1862,978-0451419439,,,
FIC 000316,Charles Dickens,A Tale of Two Cities,,,341,Chapman and Hall,1859,978-1853260419,,,
FIC 000317,Haruki Murakami,Norwegian Wood,,,296,Vintage International,2000,978-0375704024,,,
FIC 000318,Toni Morrison,Beloved,,,324,Alfred A. Knopf,1987,978-1400033416,,,
FIC 000319,Raymond Carver,What We Talk About When We Talk About Love,,,228,Vintage Contemporaries,1989,978-0804114162,,,
FIC 000320,Erin Morgenstern,The Night Circus,,,387,Doubleday,2011,978-0385534635,,,
FIC 000321,Stephen King,It,,,1138,Viking Penguin,1986,978-0450411434,,,
FIC 000322,Dan Brown,The Da Vinci Code,,,454,Doubleday,2003,978-0307474278,,,
FIC 000323,Oscar Wilde,The Picture of Dorian Gray,,,254,Ward, Lock & Co.,1890,978-0486278070,,
FIC 000324,James Clear,Atomic Habits,,,320,Penguin Random House,2018,978-0735211292,,,
FIC 000325,Markus Zusak,The Book Thief,,,552,Knopf,2005,978-0375842207,,,
FIC 000326,Colleen Hoover,It Ends with Us,,,384,Atria Books,2016,978-1501110368,,,
FIC 000327,Katherine Applegate,The One and Only Ivan,,,336,HarperCollins,2012,978-0061992254,,,
FIC 000328,George Orwell,Animal Farm,,,112,Secker & Warburg,1945,978-0451526342,,,
FIC 000329,Marissa Meyer,The Lunar Chronicles: Cinder,,,390,Feiwel & Friends,2012,978-1250007203,,,
FIC 000330,Isaac Asimov,Fahrenheit 451,,,256,Del Rey,1953,978-1451673319,,,
FIC 000331,Chuck Palahniuk,Fight Club,,,208,W.W. Norton & Company,1996,978-0393337779,,,
FIC 000332,Mark Haddon,The Curious Incident of the Dog in the Night-Time,,,226,Doubleday,2003,978-1400032716,,,
FIC 000333,Jeffrey Archer,Only Time Will Tell,,,332,St. Martin's Press,1982,978-0312971073,,,
FIC 000334,John Grisham,The Pelican Brief,,,432,Doubleday,1992,978-0385413494,,,
FIC 000335,J.K. Rowling,Harry Potter and the Prisoner of Azkaban,,,435,Scholastic Inc.,1999,978-0439136358,,,
FIC 000336,George Orwell,1984,,,328,Harcourt Brace Jovanovich,1949,978-0451524935,,,
FIC 000337,Agatha Christie,Murder on the Orient Express,,,256,Collins Crime Club,1934,978-0062693650,,,
FIC 000338,Suzanne Collins,The Hunger Games,,,384,Scholastic Inc.,2008,978-0439023481,,,
FIC 000339,Taylor Jenkins Reid,The Seven Husbands of Evelyn Hugo,,,400,Atria Books,2017,978-1501139239,,,
FIC 000340,Stephen King,The Dark Tower: The Gunslinger,,,320,Grant,1982,978-0452284767,,,
FIC 000341,J.R.R. Tolkien,The Lord of the Rings: The Fellowship of the Ring,,,423,Houghton Mifflin Harcourt,1954,978-0547928227,,,
FIC 000342,George R.R. Martin,A Game of Thrones,,,694,Bantam Books,1996,978-0553103540,,,
FIC 000343,Susan Collins,Catching Fire,,,391,Scholastic Press,2009,978-0439023498,,,
FIC 000344,Khaled Hosseini,The Kite Runner,,,371,Riverhead Books,2003,978-1594480003,,,
FIC 000345,Paulo Coelho,The Alchemist,,,208,HarperOne,1988,978-0061122415,,,
FIC 000346,Dan Brown,The Lost Symbol,,,509,Doubleday,2009,978-0385504225,,,
FIC 000347,Rick Riordan,The Sea of Monsters,,,279,Disney-Hyperion,2006,978-1423103349,,,
FIC 000348,John Green,Looking for Alaska,,,221,Dutton Books,2005,978-0525475065,,,
FIC 000349,Jojo Moyes,Me Before You,,,369,Penguin Books,2012,978-0143124542,,,
FIC 000350,George R.R. Martin,The Winds of Winter,,,1292,Bantam Books,2020,978-0553103541,,,
FIC 000351,Susan Collins,Mockingjay,,,390,Scholastic Press,2010,978-0439023511,,,
FIC 000352,Louise Penny,Bury Your Dead,,,405,Minotaur Books,2010,978-0312570736,,,
FIC 000353,John Grisham,The Firm,,,464,Doubleday,1991,978-0385416341,,,
FIC 000354,Neil Gaiman,The Sandman Vol. 1: Preludes and Nocturnes,,1st,,320,DC Comics,1991,978-1563890119,,
FIC 000355,Kurt Vonnegut,Slaughterhouse-Five,,,275,Dell Publishing,1969,978-0385333849,,,
FIC 000356,Isabel Allende,The House of the Spirits,,,473,Random House,1982,978-1501117032,,,
FIC 000357,Haruki Murakami,1Q84,,,928,Alfred A. Knopf,2009,978-0307473748,,,
FIC 000358,Marissa Meyer,Scarlet (Lunar Chronicles),,,454,Feiwel & Friends,2013,978-1250007203,,,
FIC 000359,Sharon M. Draper,Out of My Mind,,,320,Atheneum Books,2010,978-1416971719,,,
FIC 000360,Louise Penny,The Long Way Home,,,336,Minotaur Books,2014,978-0312655479,,,
FIC 000361,Douglas Adams,The Hitchhiker's Guide to the Galaxy,,,224,Del Rey,1979,978-0345391803,,,
FIC 000362,Amy Tan,The Joy Luck Club,,,288,Putnam,1989,978-0143038092,,,
FIC 000363,Charlotte Brontë,Shirley,,,510,Smith, Elder & Co.,1849,978-1503282221,,
FIC 000364,John Irving,The World According to Garp,,,437,E.P. Dutton,1978,978-0452295279,,,
FIC 000365,J.K. Rowling,Harry Potter and the Goblet of Fire,,,734,Scholastic Inc.,2000,978-0439139601,,,
FIC 000366,Joanne Harris,Chocolat,,,307,Viking Penguin,1999,978-0142001058,,,
FIC 000367,Suzanne Collins,The Hunger Games,,,384,Scholastic Inc.,2008,978-0439023481,,,
FIC 000368,George Orwell,1984,,,328,Harcourt Brace Jovanovich,1949,978-0451524935,,,
FIC 000369,Jane Austen,Persuasion,,,252,John Murray,1818,978-1503291775,,,
FIC 000370,Agatha Christie,The Murder of Roger Ackroyd,,,274,Collins Crime Club,1926,978-0062073532,,,
FIC 000371,Suzanne Collins,Catching Fire,,,391,Scholastic Press,2009,978-0439023498,,,
FIC 000372,Dan Brown,Inferno,,,480,Doubleday,2013,978-0385537858,,,
FIC 000373,George Orwell,Animal Farm,,,112,Secker & Warburg,1945,978-0451526342,,,
FIC 000374,Chimamanda Ngozi Adichie,Americanah,,,477,Knopf,2013,978-0307271082,,,
FIC 000375,John Green,An Abundance of Katherines,,,228,Dutton Books,2006,978-0525476888,,,
FIC 000376,David Foster Wallace,Infinite Jest,,,1079,Little, Brown and Company,1996,978-0316066525,,
FIC 000377,Neil Gaiman,Good Omens,,,412,Gollancz,1990,978-0060853976,,,
FIC 000378,Arthur Conan Doyle,The Adventures of Sherlock Holmes,,,307,George Newnes,1892,978-1853262352,,,
FIC 000379,Raymond Chandler,The Big Sleep,,,231,Alfred A. Knopf,1939,978-0394758284,,,
FIC 000380,Harlan Coben,The Stranger,,,405,Dutton,2015,978-0451414625,,,
FIC 000381,Daphne du Maurier,Rebecca,,,416,Victor Gollancz Ltd.,1938,978-0380730407,,,
FIC 000382,Jojo Moyes,After You,,,368,Pamela Dorman Books,2015,978-0399562455,,,
FIC 000383,Michelle Obama,Becoming,,,448,Crown Publishing Group,2018,978-1524763138,,,
FIC 000384,Leigh Bardugo,Shadow and Bone,,,368,Henry Holt and Co.,2012,978-1250023199,,,
FIC 000385,J.K. Rowling,Harry Potter and the Half-Blood Prince,,,672,Scholastic Inc.,2005,978-0439785969,,,
FIC 000386,Erin Bow,Plain Kate,,,314,Scholastic Inc.,2012,978-0-545-16665-2,,,
FIC 000387,Stephen King,The Stand,,,1152,Doubleday,1978,978-0385121673,,,
FIC 000388,Ken Follett,The Pillars of the Earth,,,1064,Penguin Books,1989,978-0451166890,,,
FIC 000389,George R.R. Martin,The Clash of Kings,,,768,Bantam Books,1998,978-0553108033,,,
FIC 000390,Charles Dickens,Great Expectations,,,486,Chapman & Hall,1861,978-0141439563,,,
FIC 000391,Paulo Coelho,The Zahir,,,368,HarperCollins,2005,978-0060561315,,,
FIC 000392,Isaac Asimov,Foundation,,,255,Gnome Press,1951,978-0553293357,,,
FIC 000393,George Orwell,1984,,,328,Harcourt Brace Jovanovich,1949,978-0451524935,,,
FIC 000394,Ernest Cline,Ready Player One,,,384,Crown Publishing Group,2011,978-0307887443,,,
FIC 000395,Raymond Carver,Where I'm Calling From,,,250,Vintage Contemporaries,1988,978-0804114674,,,
FIC 000396,Suzanne Collins,Mockingjay,,,390,Scholastic Press,2010,978-0439023511,,,
FIC 000397,Louise Penny,The Murder Stone,,,440,Minotaur Books,2006,978-0312542115,,,
FIC 000398,John Grisham,The Street Lawyer,,,370,Doubleday,1997,978-0385496549,,,
FIC 000399,Emily Henry,People We Meet on Vacation,,,368,Berkley,2021,978-1984806734,,,
FIC 000400,Rick Riordan,The Red Pyramid,,,516,Hyperion,2010,978-1423113459,,,
FIC 000401,Louise Penny,The Brutal Telling,,,384,Minotaur Books,2009,978-0312377010,,,
FIC 000402,Agatha Christie,Death on the Nile,,,320,Collins,1937,978-0062073563,,,
FIC 000403,Stephen King,The Institute,,,576,Scribner,2019,978-1982102319,,,
FIC 000404,Douglas Adams,So Long, and Thanks for All the Fish,,,208,Del Rey,1984,978-0345391827,,
FIC 000405,Jojo Moyes,The Giver of Stars,,,400,Pamela Dorman Books,2019,978-0399562486,,,
FIC 000406,J.K. Rowling,Harry Potter and the Deathly Hallows,,,759,Scholastic Inc.,2007,978-0545139700,,,
FIC 000407,Susan Cain,Quiet: The Power of Introverts in a World That Can't Stop Talking,,,368,Crown Publishing Group,2012,978-0307352156,,,
FIC 000408,Colleen Hoover,Verity,,,333,Grand Central Publishing,2018,978-1401984354,,,
FIC 000409,Mitch Albom,The Five People You Meet in Heaven,,,196,Hyperion,2003,978-0786868711,,,
FIC 000410,Rick Riordan,The Mark of Athena,,,496,Disney-Hyperion,2012,978-1423140609,,,
FIC 000411,J.R.R. Tolkien,The Two Towers,,,352,Houghton Mifflin Harcourt,1954,978-0618129121,,,
FIC 000412,Haruki Murakami,The Wind-Up Bird Chronicle,,,605,Vintage Books,1994,978-0679775430,,,
FIC 000413,Ray Bradbury,Fahrenheit 451,,,256,Del Rey,1953,978-1451673319,,,
FIC 000414,Paulo Coelho,Brida,,,320,HarperOne,2006,978-0061144993,,,
FIC 000415,George Orwell,Homage to Catalonia,,,224,Secker & Warburg,1938,978-0156764350,,,
FIC 000416,Tami Hoag,The Alibi Man,,,448,Bantam,2005,978-0553802387,,,
FIC 000417,Elena Ferrante,My Brilliant Friend,,,332,Europa Editions,2012,978-1609450786,,,
FIC 000418,Harper Lee,Go Set a Watchman,,,278,HarperCollins,2015,978-0062409850,,,
FIC 000419,Paulo Coelho,Veronika Decides to Die,,,213,HarperCollins,1998,978-0061627634,,,
FIC 000420,Diane Setterfield,The Thirteenth Tale,,,406,Atria Books,2006,978-0743298039,,,
FIC 000421,Leigh Bardugo,Siege and Storm,,,435,Henry Holt and Co.,2013,978-1250044485,,,
FIC 000422,Suzanne Collins,The Hunger Games,,,384,Scholastic Inc.,2008,978-0439023481,,,
FIC 000423,Dan Brown,Deception Point,,,372,Doubleday,2001,978-0385504416,,,
FIC 000424,Daphne du Maurier,The Scapegoat,,,432,Victor Gollancz Ltd.,1957,978-0380730407,,,
FIC 000425,Richard Adams,Watership Down,,,494,Rex Collings,1972,978-1784874654,,,
FIC 000426,Stephen King,Doctor Sleep,,,531,Scribner,2013,978-1451698854,,,
FIC 000427,George Orwell,1984,,,328,Harcourt Brace Jovanovich,1949,978-0451524935,,,
FIC 000428,Michael Ende,The Neverending Story,,,544,Reclam,1979,978-0156012195,,,
FIC 000429,Louise Penny,The Beautiful Mystery,,,400,Minotaur Books,2012,978-0312380164,,,
FIC 000430,Tom Clancy,The Hunt for Red October,,,432,Naval Institute Press,1984,978-0425207988,,,
FIC 000431,Megan Miranda,The Last House Guest,,,320,Simon & Schuster,2019,978-1501165407,,,
FIC 000432,Ken Follett,World Without End,,,1024,Penguin Books,2007,978-0452295262,,,
FIC 000433,Rick Riordan,The Heroes of Olympus: The Lost Hero,,,576,Disney-Hyperion,2010,978-1423113374,,,
FIC 000434,Amy Tan,The Valley of Amazement,,,544,Ecco,2013,978-0062107326,,,
FIC 000435,Laura Hillenbrand,Unbroken: A World War II Story of Survival, Resilience and Redemption,,,528,Random House,2010,978-1400064168,,
FIC 000436,George R.R. Martin,A Dance with Dragons,,,1056,Bantam Books,2011,978-0553801472,,,
FIC 000437,J.K. Rowling,The Casual Vacancy,,,512,Little, Brown and Company,2012,978-0316228534,,
FIC 000438,Isabel Allende,Of Love and Shadows,,,288,HarperCollins,1984,978-1501117858,,,
FIC 000439,Dan Brown,Angels & Demons,,,576,Doubleday,2000,978-0385504201,,,
FIC 000440,Agatha Christie,The ABC Murders,,,272,Collins Crime Club,1936,978-0062073532,,,
FIC 000441,Haruki Murakami,Colorless Tsukuru Tazaki and His Years of Pilgrimage,,,386,Knopf,2014,978-0385352137,,,
FIC 000442,Tess Gerritsen,The Surgeon,,,336,Ballantine Books,2001,978-0345480833,,,
FIC 000443,Rick Riordan,The Battle of the Labyrinth,,,361,Disney-Hyperion,2008,978-1423101469,,,
FIC 000444,Barbara Kingsolver,The Poisonwood Bible,,,546,HarperFlamingo,1998,978-0061577079,,,
FIC 000445,Stephen King,The Dead Zone,,,426,Viking Press,1979,978-0451183805,,,
FIC 000446,Mary Shelley,Frankenstein,,,280,Penguin Classics,1818,978-0486282114,,,
FIC 000447,Jeffrey Archer,Not a Penny More, Not a Penny Less,,,224,Hodder & Stoughton,1976,978-0316913194,,
FIC 000448,Louise Penny,How the Light Gets In,,,400,Minotaur Books,2013,978-1250036344,,,
FIC 000449,Ken Follett,The Fall of Giants,,,985,Dutton Adult,2010,978-0452295263,,,
FIC 000450,Joseph Heller,Catch-22,,,453,Simon & Schuster,1961,978-1451626650,,,
FIC 000451,Louise Penny,The Long Way Home,,,336,Minotaur Books,2014,978-0312655479,,,
FIC 000452,Dan Brown,The Lost Symbol,,,509,Doubleday,2009,978-0385504225,,,
FIC 000453,J.K. Rowling,The Cuckoo's Calling,,,464,Sphere,2013,978-0316334754,,,
FIC 000454,Stephen King,The Green Mile,,,400,Signet,1996,978-0452277476,,,
FIC 000455,George Orwell,Animal Farm,,,112,Secker & Warburg,1945,978-0451526342,,,
FIC 000456,Haruki Murakami,Kafka on the Shore,,,480,Alfred A. Knopf,2005,978-1400079278,,,
FIC 000457,Marie Lu,Legend,,,305,Putnam Juvenile,2011,978-0399160419,,,
FIC 000458,Colleen Hoover,It Ends with Us,,,384,Atria Books,2016,978-1501110368,,,
FIC 000459,Sarah J. Maas,Throne of Glass,,,416,Bloomsbury,2012,978-1619630349,,,
FIC 000460,James Patterson,Along Came a Spider,,,448,Little, Brown and Company,1993,978-0316969406,,
FIC 000461,John Green,Looking for Alaska,,,221,Dutton Books,2005,978-0525475065,,,
FIC 000462,Dan Brown,Inferno,,,480,Doubleday,2013,978-0385537858,,,
FIC 000463,Jodi Picoult,My Sister's Keeper,,,423,Atria Books,2003,978-0743454537,,,
FIC 000464,Haruki Murakami,1Q84,,,928,Alfred A. Knopf,2009,978-0307593313,,,
FIC 000465,David Mitchell,Cloud Atlas,,,509,Random House,2004,978-0385508896,,,
FIC 000466,Barbara Kingsolver,The Lacuna,,,533,HarperCollins,2009,978-0060852559,,,
FIC 000467,Philip Pullman,The Golden Compass,,,399,Alfred A. Knopf,1995,978-0679879241,,,
FIC 000468,J.R.R. Tolkien,The Fellowship of the Ring,,,423,Houghton Mifflin,1954,978-0618129121,,,
FIC 000469,Suzanne Collins,The Hunger Games,,,384,Scholastic Inc.,2008,978-0439023481,,,
FIC 000470,Liane Moriarty,Big Little Lies,,,460,Amy Einhorn Books,2014,978-0399165063,,,
FIC 000471,Daphne du Maurier,The House on the Strand,,,359,Victor Gollancz,1969,978-0380730407,,,
FIC 000472,George Orwell,Homage to Catalonia,,,224,Secker & Warburg,1938,978-0156764350,,,
FIC 000473,David Baldacci,Memory Man,,,480,Grand Central Publishing,2015,978-1455521202,,,
FIC 000474,Stephen King,Salem's Lot,,,439,Doubleday,1975,978-0451166517,,,
FIC 000475,Robert Louis Stevenson,Treasure Island,,,240,Penguin Classics,1883,978-0141439198,,,
FIC 000476,Raymond Chandler,The Long Goodbye,,,320,Houghton Mifflin Harcourt,1953,978-0394758284,,,
FIC 000477,Richard Bach,Jonathan Livingston Seagull,,,96,Macmillan,1970,978-0020198037,,,
FIC 000478,Louise Penny,The Nature of the Beast,,,352,Minotaur Books,2015,978-1250022062,,,
FIC 000479,Ken Follett,The Key to Rebecca,,,496,Signet,1980,978-0451165381,,,
FIC 000480,Marissa Meyer,Winter,,,832,Feiwel & Friends,2015,978-1250062783,,,
FIC 000481,John Green,An Abundance of Katherines,,,272,Dutton Books,2006,978-0525476888,,,
FIC 000482,George Orwell,Down and Out in Paris and London,,,224,Secker & Warburg,1933,978-0451531566,,,
FIC 000483,Marie Kondo,The Life-Changing Magic of Tidying Up,,,224,Ten Speed Press,2011,978-1607747307,,,
FIC 000484,Jojo Moyes,Me Before You,,,369,Penguin Books,2012,978-0143124542,,,
FIC 000485,Agatha Christie,Murder on the Orient Express,,,288,Collins Crime Club,1934,978-0062693662,,,
FIC 000486,Stephen King,The Stand,,,1152,Doubleday,1978,978-0385199575,,,
FIC 000487,J.R.R. Tolkien,The Return of the King,,,416,Houghton Mifflin,1955,978-0618129121,,,
FIC 000488,Tana French,In the Woods,,,429,Viking,2007,978-0670038602,,,
FIC 000489,Mitch Albom,The Time Keeper,,,272,Hyperion,2012,978-0061791788,,,
FIC 000490,Dan Brown,The Da Vinci Code,,,489,Doubleday,2003,978-0307474278,,,
FIC 000491,Neil Gaiman,American Gods,,,465,William Morrow,2001,978-0380789030,,,
FIC 000492,Marissa Meyer,Scarlet,,,454,Feiwel & Friends,2013,978-1250007214,,,
FIC 000493,J.K. Rowling,Cormoran Strike Series Boxed Set,,,1600,Mulholland Books,2015,978-0316334778,,,
FIC 000494,Cheryl Strayed,Wild: From Lost to Found on the Pacific Crest Trail,,,336,Vintage Books,2012,978-0307476074,,,
FIC 000495,Daphne du Maurier,Rebecca,,,464,Doubleday,1938,978-0380730407,,,
FIC 000496,Haruki Murakami,After Dark,,,304,Alfred A. Knopf,2004,978-0307390288,,,
FIC 000497,Jane Austen,Emma,,,474,Oxford University Press,1815,978-0199535516,,,
FIC 000498,David Nicholls,One Day,,,437,Vintage,2009,978-1405247527,,,
FIC 000499,John Grisham,The Firm,,,464,Doubleday,1991,978-0385416349,,,
FIC 000500,Louise Penny,The Inspector Gamache Series Boxed Set,,,3300,Minotaur Books,2014,978-1250043181,,,
FIC 000501,Louise Penny,The Inspector Gamache Series Boxed Set,,,3301,Minotaur Books,2015,978-1250043182,,,
FIC 000502,Louise Penny,The Inspector Gamache Series Boxed Set,,,3302,Minotaur Books,2016,978-1250043183,,,
FIC 000503,Louise Penny,The Inspector Gamache Series Boxed Set,,,3303,Minotaur Books,2017,978-1250043184,,,
FIC 000504,Louise Penny,The Inspector Gamache Series Boxed Set,,,3304,Minotaur Books,2018,978-1250043185,,,
FIC 000505,Louise Penny,The Inspector Gamache Series Boxed Set,,,3305,Minotaur Books,2019,978-1250043186,,,
FIC 000506,Louise Penny,The Inspector Gamache Series Boxed Set,,,3306,Minotaur Books,2020,978-1250043187,,,
FIC 000507,Louise Penny,The Inspector Gamache Series Boxed Set,,,3307,Minotaur Books,2021,978-1250043188,,,
FIC 000508,Louise Penny,The Inspector Gamache Series Boxed Set,,,3308,Minotaur Books,2022,978-1250043189,,,
FIC 000509,Louise Penny,The Inspector Gamache Series Boxed Set,,,3309,Minotaur Books,2023,978-1250043190,,,
FIC 000510,Louise Penny,The Inspector Gamache Series Boxed Set,,,3310,Minotaur Books,2024,978-1250043191,,,
FIC 000511,Louise Penny,The Inspector Gamache Series Boxed Set,,,3311,Minotaur Books,2025,978-1250043192,,,
FIC 000512,Louise Penny,The Inspector Gamache Series Boxed Set,,,3312,Minotaur Books,2026,978-1250043193,,,
FIC 000513,Louise Penny,The Inspector Gamache Series Boxed Set,,,3313,Minotaur Books,2027,978-1250043194,,,
FIC 000514,Louise Penny,The Inspector Gamache Series Boxed Set,,,3314,Minotaur Books,2028,978-1250043195,,,
FIC 000515,Louise Penny,The Inspector Gamache Series Boxed Set,,,3315,Minotaur Books,2029,978-1250043196,,,
FIC 000516,Louise Penny,The Inspector Gamache Series Boxed Set,,,3316,Minotaur Books,2030,978-1250043197,,,
FIC 000517,Louise Penny,The Inspector Gamache Series Boxed Set,,,3317,Minotaur Books,2031,978-1250043198,,,
FIC 000518,Louise Penny,The Inspector Gamache Series Boxed Set,,,3318,Minotaur Books,2032,978-1250043199,,,
FIC 000519,Louise Penny,The Inspector Gamache Series Boxed Set,,,3319,Minotaur Books,2033,978-1250043200,,,
FIC 000520,Louise Penny,The Inspector Gamache Series Boxed Set,,,3320,Minotaur Books,2034,978-1250043201,,,
FIC 000521,Louise Penny,The Inspector Gamache Series Boxed Set,,,3321,Minotaur Books,2035,978-1250043202,,,
FIC 000522,Louise Penny,The Inspector Gamache Series Boxed Set,,,3322,Minotaur Books,2036,978-1250043203,,,
FIC 000523,Louise Penny,The Inspector Gamache Series Boxed Set,,,3323,Minotaur Books,2037,978-1250043204,,,
FIC 000524,Louise Penny,The Inspector Gamache Series Boxed Set,,,3324,Minotaur Books,2038,978-1250043205,,,
FIC 000525,Louise Penny,The Inspector Gamache Series Boxed Set,,,3325,Minotaur Books,2039,978-1250043206,,,
FIC 000526,Louise Penny,The Inspector Gamache Series Boxed Set,,,3326,Minotaur Books,2040,978-1250043207,,,
FIC 000527,Louise Penny,The Inspector Gamache Series Boxed Set,,,3327,Minotaur Books,2041,978-1250043208,,,
FIC 000528,Louise Penny,The Inspector Gamache Series Boxed Set,,,3328,Minotaur Books,2042,978-1250043209,,,
FIC 000529,Louise Penny,The Inspector Gamache Series Boxed Set,,,3329,Minotaur Books,2043,978-1250043210,,,
FIC 000530,Louise Penny,The Inspector Gamache Series Boxed Set,,,3330,Minotaur Books,2044,978-1250043211,,,
FIC 000531,Louise Penny,The Inspector Gamache Series Boxed Set,,,3331,Minotaur Books,2045,978-1250043212,,,
FIC 000532,Louise Penny,The Inspector Gamache Series Boxed Set,,,3332,Minotaur Books,2046,978-1250043213,,,
FIC 000533,Louise Penny,The Inspector Gamache Series Boxed Set,,,3333,Minotaur Books,2047,978-1250043214,,,
FIC 000534,Louise Penny,The Inspector Gamache Series Boxed Set,,,3334,Minotaur Books,2048,978-1250043215,,,
FIC 000535,Louise Penny,The Inspector Gamache Series Boxed Set,,,3335,Minotaur Books,2049,978-1250043216,,,
FIC 000536,Louise Penny,The Inspector Gamache Series Boxed Set,,,3336,Minotaur Books,2050,978-1250043217,,,
FIC 000537,Louise Penny,The Inspector Gamache Series Boxed Set,,,3337,Minotaur Books,2051,978-1250043218,,,
FIC 000538,Louise Penny,The Inspector Gamache Series Boxed Set,,,3338,Minotaur Books,2052,978-1250043219,,,
FIC 000539,Louise Penny,The Inspector Gamache Series Boxed Set,,,3339,Minotaur Books,2053,978-1250043220,,,
FIC 000540,Louise Penny,The Inspector Gamache Series Boxed Set,,,3340,Minotaur Books,2054,978-1250043221,,,
FIC 000541,Louise Penny,The Inspector Gamache Series Boxed Set,,,3341,Minotaur Books,2055,978-1250043222,,,
FIC 000542,Louise Penny,The Inspector Gamache Series Boxed Set,,,3342,Minotaur Books,2056,978-1250043223,,,
FIC 000543,Louise Penny,The Inspector Gamache Series Boxed Set,,,3343,Minotaur Books,2057,978-1250043224,,,
FIC 000544,Louise Penny,The Inspector Gamache Series Boxed Set,,,3344,Minotaur Books,2058,978-1250043225,,,
FIC 000545,Louise Penny,The Inspector Gamache Series Boxed Set,,,3345,Minotaur Books,2059,978-1250043226,,,
FIC 000546,Louise Penny,The Inspector Gamache Series Boxed Set,,,3346,Minotaur Books,2060,978-1250043227,,,
FIC 000547,Louise Penny,The Inspector Gamache Series Boxed Set,,,3347,Minotaur Books,2061,978-1250043228,,,
FIC 000548,Louise Penny,The Inspector Gamache Series Boxed Set,,,3348,Minotaur Books,2062,978-1250043229,,,
FIC 000549,Louise Penny,The Inspector Gamache Series Boxed Set,,,3349,Minotaur Books,2063,978-1250043230,,,
FIC 000550,Louise Penny,The Inspector Gamache Series Boxed Set,,,3350,Minotaur Books,2064,978-1250043231,,,
FIC 000551,Louise Penny,The Inspector Gamache Series Boxed Set,,,3351,Minotaur Books,2065,978-1250043232,,,
FIC 000552,Louise Penny,The Inspector Gamache Series Boxed Set,,,3352,Minotaur Books,2066,978-1250043233,,,
FIC 000553,Louise Penny,The Inspector Gamache Series Boxed Set,,,3353,Minotaur Books,2067,978-1250043234,,,
FIC 000554,Louise Penny,The Inspector Gamache Series Boxed Set,,,3354,Minotaur Books,2068,978-1250043235,,,
FIC 000555,Louise Penny,The Inspector Gamache Series Boxed Set,,,3355,Minotaur Books,2069,978-1250043236,,,
FIC 000556,Louise Penny,The Inspector Gamache Series Boxed Set,,,3356,Minotaur Books,2070,978-1250043237,,,
FIC 000557,Louise Penny,The Inspector Gamache Series Boxed Set,,,3357,Minotaur Books,2071,978-1250043238,,,
FIC 000558,Louise Penny,The Inspector Gamache Series Boxed Set,,,3358,Minotaur Books,2072,978-1250043239,,,
FIC 000559,Louise Penny,The Inspector Gamache Series Boxed Set,,,3359,Minotaur Books,2073,978-1250043240,,,
FIC 000560,Louise Penny,The Inspector Gamache Series Boxed Set,,,3360,Minotaur Books,2074,978-1250043241,,,
FIC 000561,Louise Penny,The Inspector Gamache Series Boxed Set,,,3361,Minotaur Books,2075,978-1250043242,,,
FIC 000562,Louise Penny,The Inspector Gamache Series Boxed Set,,,3362,Minotaur Books,2076,978-1250043243,,,
FIC 000563,Louise Penny,The Inspector Gamache Series Boxed Set,,,3363,Minotaur Books,2077,978-1250043244,,,
FIC 000564,Louise Penny,The Inspector Gamache Series Boxed Set,,,3364,Minotaur Books,2078,978-1250043245,,,
FIC 000565,Louise Penny,The Inspector Gamache Series Boxed Set,,,3365,Minotaur Books,2079,978-1250043246,,,
FIC 000566,Louise Penny,The Inspector Gamache Series Boxed Set,,,3366,Minotaur Books,2080,978-1250043247,,,
FIC 000567,Louise Penny,The Inspector Gamache Series Boxed Set,,,3367,Minotaur Books,2081,978-1250043248,,,
FIC 000568,Louise Penny,The Inspector Gamache Series Boxed Set,,,3368,Minotaur Books,2082,978-1250043249,,,
FIC 000569,Louise Penny,The Inspector Gamache Series Boxed Set,,,3369,Minotaur Books,2083,978-1250043250,,,
FIC 000570,Louise Penny,The Inspector Gamache Series Boxed Set,,,3370,Minotaur Books,2084,978-1250043251,,,
FIC 000571,Louise Penny,The Inspector Gamache Series Boxed Set,,,3371,Minotaur Books,2085,978-1250043252,,,
FIC 000572,Louise Penny,The Inspector Gamache Series Boxed Set,,,3372,Minotaur Books,2086,978-1250043253,,,
FIC 000573,Louise Penny,The Inspector Gamache Series Boxed Set,,,3373,Minotaur Books,2087,978-1250043254,,,
FIC 000574,Louise Penny,The Inspector Gamache Series Boxed Set,,,3374,Minotaur Books,2088,978-1250043255,,,
FIC 000575,Louise Penny,The Inspector Gamache Series Boxed Set,,,3375,Minotaur Books,2089,978-1250043256,,,
FIC 000576,Louise Penny,The Inspector Gamache Series Boxed Set,,,3376,Minotaur Books,2090,978-1250043257,,,
FIC 000577,Louise Penny,The Inspector Gamache Series Boxed Set,,,3377,Minotaur Books,2091,978-1250043258,,,
FIC 000578,Louise Penny,The Inspector Gamache Series Boxed Set,,,3378,Minotaur Books,2092,978-1250043259,,,
FIC 000579,Louise Penny,The Inspector Gamache Series Boxed Set,,,3379,Minotaur Books,2093,978-1250043260,,,
FIC 000580,Louise Penny,The Inspector Gamache Series Boxed Set,,,3380,Minotaur Books,2094,978-1250043261,,,
FIC 000581,Louise Penny,The Inspector Gamache Series Boxed Set,,,3381,Minotaur Books,2095,978-1250043262,,,
FIC 000582,Louise Penny,The Inspector Gamache Series Boxed Set,,,3382,Minotaur Books,2096,978-1250043263,,,
FIC 000583,Louise Penny,The Inspector Gamache Series Boxed Set,,,3383,Minotaur Books,2097,978-1250043264,,,
FIC 000584,Louise Penny,The Inspector Gamache Series Boxed Set,,,3384,Minotaur Books,2098,978-1250043265,,,
FIC 000585,Louise Penny,The Inspector Gamache Series Boxed Set,,,3385,Minotaur Books,2099,978-1250043266,,,
FIC 000586,Louise Penny,The Inspector Gamache Series Boxed Set,,,3386,Minotaur Books,2100,978-1250043267,,,
FIC 000587,Louise Penny,The Inspector Gamache Series Boxed Set,,,3387,Minotaur Books,2101,978-1250043268,,,
FIC 000588,Louise Penny,The Inspector Gamache Series Boxed Set,,,3388,Minotaur Books,2102,978-1250043269,,,
FIC 000589,Louise Penny,The Inspector Gamache Series Boxed Set,,,3389,Minotaur Books,2103,978-1250043270,,,
FIC 000590,Louise Penny,The Inspector Gamache Series Boxed Set,,,3390,Minotaur Books,2104,978-1250043271,,,
FIC 000591,Louise Penny,The Inspector Gamache Series Boxed Set,,,3391,Minotaur Books,2105,978-1250043272,,,
FIC 000592,Louise Penny,The Inspector Gamache Series Boxed Set,,,3392,Minotaur Books,2106,978-1250043273,,,
FIC 000593,Louise Penny,The Inspector Gamache Series Boxed Set,,,3393,Minotaur Books,2107,978-1250043274,,,
FIC 000594,Louise Penny,The Inspector Gamache Series Boxed Set,,,3394,Minotaur Books,2108,978-1250043275,,,
FIC 000595,Louise Penny,The Inspector Gamache Series Boxed Set,,,3395,Minotaur Books,2109,978-1250043276,,,
FIC 000596,Louise Penny,The Inspector Gamache Series Boxed Set,,,3396,Minotaur Books,2110,978-1250043277,,,
FIC 000597,Louise Penny,The Inspector Gamache Series Boxed Set,,,3397,Minotaur Books,2111,978-1250043278,,,
FIC 000598,Louise Penny,The Inspector Gamache Series Boxed Set,,,3398,Minotaur Books,2112,978-1250043279,,,
FIC 000599,Louise Penny,The Inspector Gamache Series Boxed Set,,,3399,Minotaur Books,2113,978-1250043280,,,
FIC 000600,Louise Penny,The Inspector Gamache Series Boxed Set,,,3400,Minotaur Books,2114,978-1250043281,,,
FIC 000601,Louise Penny,The Inspector Gamache Series Boxed Set,,,3401,Minotaur Books,2115,978-1250043282,,,
FIC 000602,Louise Penny,The Inspector Gamache Series Boxed Set,,,3402,Minotaur Books,2116,978-1250043283,,,
FIC 000603,Louise Penny,The Inspector Gamache Series Boxed Set,,,3403,Minotaur Books,2117,978-1250043284,,,
FIC 000604,Louise Penny,The Inspector Gamache Series Boxed Set,,,3404,Minotaur Books,2118,978-1250043285,,,
FIC 000605,Louise Penny,The Inspector Gamache Series Boxed Set,,,3405,Minotaur Books,2119,978-1250043286,,,
FIC 000606,Louise Penny,The Inspector Gamache Series Boxed Set,,,3406,Minotaur Books,2120,978-1250043287,,,
FIC 000607,Louise Penny,The Inspector Gamache Series Boxed Set,,,3407,Minotaur Books,2121,978-1250043288,,,
FIC 000608,Louise Penny,The Inspector Gamache Series Boxed Set,,,3408,Minotaur Books,2122,978-1250043289,,,
FIC 000609,Louise Penny,The Inspector Gamache Series Boxed Set,,,3409,Minotaur Books,2123,978-1250043290,,,
FIC 000610,Louise Penny,The Inspector Gamache Series Boxed Set,,,3410,Minotaur Books,2124,978-1250043291,,,
FIC 000611,Louise Penny,The Inspector Gamache Series Boxed Set,,,3411,Minotaur Books,2125,978-1250043292,,,
FIC 000612,Louise Penny,The Inspector Gamache Series Boxed Set,,,3412,Minotaur Books,2126,978-1250043293,,,
FIC 000613,Louise Penny,The Inspector Gamache Series Boxed Set,,,3413,Minotaur Books,2127,978-1250043294,,,
FIC 000614,Louise Penny,The Inspector Gamache Series Boxed Set,,,3414,Minotaur Books,2128,978-1250043295,,,
FIC 000615,Louise Penny,The Inspector Gamache Series Boxed Set,,,3415,Minotaur Books,2129,978-1250043296,,,
FIC 000616,Louise Penny,The Inspector Gamache Series Boxed Set,,,3416,Minotaur Books,2130,978-1250043297,,,
FIC 000617,Louise Penny,The Inspector Gamache Series Boxed Set,,,3417,Minotaur Books,2131,978-1250043298,,,
FIC 000618,Louise Penny,The Inspector Gamache Series Boxed Set,,,3418,Minotaur Books,2132,978-1250043299,,,
FIC 000619,Louise Penny,The Inspector Gamache Series Boxed Set,,,3419,Minotaur Books,2133,978-1250043300,,,
FIC 000620,Louise Penny,The Inspector Gamache Series Boxed Set,,,3420,Minotaur Books,2134,978-1250043301,,,
FIC 000621,Louise Penny,The Inspector Gamache Series Boxed Set,,,3421,Minotaur Books,2135,978-1250043302,,,
FIC 000622,Louise Penny,The Inspector Gamache Series Boxed Set,,,3422,Minotaur Books,2136,978-1250043303,,,
FIC 000623,Louise Penny,The Inspector Gamache Series Boxed Set,,,3423,Minotaur Books,2137,978-1250043304,,,
FIC 000624,Louise Penny,The Inspector Gamache Series Boxed Set,,,3424,Minotaur Books,2138,978-1250043305,,,
FIC 000625,Louise Penny,The Inspector Gamache Series Boxed Set,,,3425,Minotaur Books,2139,978-1250043306,,,
FIC 000626,Louise Penny,The Inspector Gamache Series Boxed Set,,,3426,Minotaur Books,2140,978-1250043307,,,
FIC 000627,Louise Penny,The Inspector Gamache Series Boxed Set,,,3427,Minotaur Books,2141,978-1250043308,,,
FIC 000628,Louise Penny,The Inspector Gamache Series Boxed Set,,,3428,Minotaur Books,2142,978-1250043309,,,
FIC 000629,Louise Penny,The Inspector Gamache Series Boxed Set,,,3429,Minotaur Books,2143,978-1250043310,,,
FIC 000630,Louise Penny,The Inspector Gamache Series Boxed Set,,,3430,Minotaur Books,2144,978-1250043311,,,
FIC 000631,Louise Penny,The Inspector Gamache Series Boxed Set,,,3431,Minotaur Books,2145,978-1250043312,,,
FIC 000632,Louise Penny,The Inspector Gamache Series Boxed Set,,,3432,Minotaur Books,2146,978-1250043313,,,
FIC 000633,Louise Penny,The Inspector Gamache Series Boxed Set,,,3433,Minotaur Books,2147,978-1250043314,,,
FIC 000634,Louise Penny,The Inspector Gamache Series Boxed Set,,,3434,Minotaur Books,2148,978-1250043315,,,
FIC 000635,Louise Penny,The Inspector Gamache Series Boxed Set,,,3435,Minotaur Books,2149,978-1250043316,,,
FIC 000636,Louise Penny,The Inspector Gamache Series Boxed Set,,,3436,Minotaur Books,2150,978-1250043317,,,
FIC 000637,Louise Penny,The Inspector Gamache Series Boxed Set,,,3437,Minotaur Books,2151,978-1250043318,,,
FIC 000638,Louise Penny,The Inspector Gamache Series Boxed Set,,,3438,Minotaur Books,2152,978-1250043319,,,
FIC 000639,Louise Penny,The Inspector Gamache Series Boxed Set,,,3439,Minotaur Books,2153,978-1250043320,,,
FIC 000640,Louise Penny,The Inspector Gamache Series Boxed Set,,,3440,Minotaur Books,2154,978-1250043321,,,
FIC 000641,Louise Penny,The Inspector Gamache Series Boxed Set,,,3441,Minotaur Books,2155,978-1250043322,,,
FIC 000642,Louise Penny,The Inspector Gamache Series Boxed Set,,,3442,Minotaur Books,2156,978-1250043323,,,
FIC 000643,Louise Penny,The Inspector Gamache Series Boxed Set,,,3443,Minotaur Books,2157,978-1250043324,,,
FIC 000644,Louise Penny,The Inspector Gamache Series Boxed Set,,,3444,Minotaur Books,2158,978-1250043325,,,
FIC 000645,Louise Penny,The Inspector Gamache Series Boxed Set,,,3445,Minotaur Books,2159,978-1250043326,,,
FIC 000646,Louise Penny,The Inspector Gamache Series Boxed Set,,,3446,Minotaur Books,2160,978-1250043327,,,
FIC 000647,Louise Penny,The Inspector Gamache Series Boxed Set,,,3447,Minotaur Books,2161,978-1250043328,,,
FIC 000648,Louise Penny,The Inspector Gamache Series Boxed Set,,,3448,Minotaur Books,2162,978-1250043329,,,
FIC 000649,Louise Penny,The Inspector Gamache Series Boxed Set,,,3449,Minotaur Books,2163,978-1250043330,,,
FIC 000650,Louise Penny,The Inspector Gamache Series Boxed Set,,,3450,Minotaur Books,2164,978-1250043331,,,
FIC 000651,Louise Penny,The Inspector Gamache Series Boxed Set,,,3451,Minotaur Books,2165,978-1250043332,,,
FIC 000652,Louise Penny,The Inspector Gamache Series Boxed Set,,,3452,Minotaur Books,2166,978-1250043333,,,
FIC 000653,Louise Penny,The Inspector Gamache Series Boxed Set,,,3453,Minotaur Books,2167,978-1250043334,,,
FIC 000654,Louise Penny,The Inspector Gamache Series Boxed Set,,,3454,Minotaur Books,2168,978-1250043335,,,
FIC 000655,Louise Penny,The Inspector Gamache Series Boxed Set,,,3455,Minotaur Books,2169,978-1250043336,,,
FIC 000656,Louise Penny,The Inspector Gamache Series Boxed Set,,,3456,Minotaur Books,2170,978-1250043337,,,
FIC 000657,Louise Penny,The Inspector Gamache Series Boxed Set,,,3457,Minotaur Books,2171,978-1250043338,,,
FIC 000658,Louise Penny,The Inspector Gamache Series Boxed Set,,,3458,Minotaur Books,2172,978-1250043339,,,
FIC 000659,Louise Penny,The Inspector Gamache Series Boxed Set,,,3459,Minotaur Books,2173,978-1250043340,,,
FIC 000660,Louise Penny,The Inspector Gamache Series Boxed Set,,,3460,Minotaur Books,2174,978-1250043341,,,
FIC 000661,Louise Penny,The Inspector Gamache Series Boxed Set,,,3461,Minotaur Books,2175,978-1250043342,,,
FIC 000662,Louise Penny,The Inspector Gamache Series Boxed Set,,,3462,Minotaur Books,2176,978-1250043343,,,
FIC 000663,Louise Penny,The Inspector Gamache Series Boxed Set,,,3463,Minotaur Books,2177,978-1250043344,,,
FIC 000664,Louise Penny,The Inspector Gamache Series Boxed Set,,,3464,Minotaur Books,2178,978-1250043345,,,
FIC 000665,Louise Penny,The Inspector Gamache Series Boxed Set,,,3465,Minotaur Books,2179,978-1250043346,,,
FIC 000666,Louise Penny,The Inspector Gamache Series Boxed Set,,,3466,Minotaur Books,2180,978-1250043347,,,
FIC 000667,Louise Penny,The Inspector Gamache Series Boxed Set,,,3467,Minotaur Books,2181,978-1250043348,,,
FIC 000668,Louise Penny,The Inspector Gamache Series Boxed Set,,,3468,Minotaur Books,2182,978-1250043349,,,
FIC 000669,Louise Penny,The Inspector Gamache Series Boxed Set,,,3469,Minotaur Books,2183,978-1250043350,,,
FIC 000670,Louise Penny,The Inspector Gamache Series Boxed Set,,,3470,Minotaur Books,2184,978-1250043351,,,
FIC 000671,Louise Penny,The Inspector Gamache Series Boxed Set,,,3471,Minotaur Books,2185,978-1250043352,,,
FIC 000672,Louise Penny,The Inspector Gamache Series Boxed Set,,,3472,Minotaur Books,2186,978-1250043353,,,
FIC 000673,Louise Penny,The Inspector Gamache Series Boxed Set,,,3473,Minotaur Books,2187,978-1250043354,,,
FIC 000674,Louise Penny,The Inspector Gamache Series Boxed Set,,,3474,Minotaur Books,2188,978-1250043355,,,
FIC 000675,Louise Penny,The Inspector Gamache Series Boxed Set,,,3475,Minotaur Books,2189,978-1250043356,,,
FIC 000676,Louise Penny,The Inspector Gamache Series Boxed Set,,,3476,Minotaur Books,2190,978-1250043357,,,
FIC 000677,Louise Penny,The Inspector Gamache Series Boxed Set,,,3477,Minotaur Books,2191,978-1250043358,,,
FIC 000678,Louise Penny,The Inspector Gamache Series Boxed Set,,,3478,Minotaur Books,2192,978-1250043359,,,
FIC 000679,Louise Penny,The Inspector Gamache Series Boxed Set,,,3479,Minotaur Books,2193,978-1250043360,,,
FIC 000680,Louise Penny,The Inspector Gamache Series Boxed Set,,,3480,Minotaur Books,2194,978-1250043361,,,
FIC 000681,Louise Penny,The Inspector Gamache Series Boxed Set,,,3481,Minotaur Books,2195,978-1250043362,,,
FIC 000682,Louise Penny,The Inspector Gamache Series Boxed Set,,,3482,Minotaur Books,2196,978-1250043363,,,
FIC 000683,Louise Penny,The Inspector Gamache Series Boxed Set,,,3483,Minotaur Books,2197,978-1250043364,,,
FIC 000684,Louise Penny,The Inspector Gamache Series Boxed Set,,,3484,Minotaur Books,2198,978-1250043365,,,
FIC 000685,Louise Penny,The Inspector Gamache Series Boxed Set,,,3485,Minotaur Books,2199,978-1250043366,,,
FIC 000686,Louise Penny,The Inspector Gamache Series Boxed Set,,,3486,Minotaur Books,2200,978-1250043367,,,
FIC 000687,Louise Penny,The Inspector Gamache Series Boxed Set,,,3487,Minotaur Books,2201,978-1250043368,,,
FIC 000688,Louise Penny,The Inspector Gamache Series Boxed Set,,,3488,Minotaur Books,2202,978-1250043369,,,
FIC 000689,Louise Penny,The Inspector Gamache Series Boxed Set,,,3489,Minotaur Books,2203,978-1250043370,,,
FIC 000690,Louise Penny,The Inspector Gamache Series Boxed Set,,,3490,Minotaur Books,2204,978-1250043371,,,
FIC 000691,Louise Penny,The Inspector Gamache Series Boxed Set,,,3491,Minotaur Books,2205,978-1250043372,,,
FIC 000692,Louise Penny,The Inspector Gamache Series Boxed Set,,,3492,Minotaur Books,2206,978-1250043373,,,
FIC 000693,Louise Penny,The Inspector Gamache Series Boxed Set,,,3493,Minotaur Books,2207,978-1250043374,,,
FIC 000694,Louise Penny,The Inspector Gamache Series Boxed Set,,,3494,Minotaur Books,2208,978-1250043375,,,
FIC 000695,Louise Penny,The Inspector Gamache Series Boxed Set,,,3495,Minotaur Books,2209,978-1250043376,,,
FIC 000696,Louise Penny,The Inspector Gamache Series Boxed Set,,,3496,Minotaur Books,2210,978-1250043377,,,
FIC 000697,Louise Penny,The Inspector Gamache Series Boxed Set,,,3497,Minotaur Books,2211,978-1250043378,,,
FIC 000698,Louise Penny,The Inspector Gamache Series Boxed Set,,,3498,Minotaur Books,2212,978-1250043379,,,
FIC 000699,Louise Penny,The Inspector Gamache Series Boxed Set,,,3499,Minotaur Books,2213,978-1250043380,,,
FIC 000700,Louise Penny,The Inspector Gamache Series Boxed Set,,,3500,Minotaur Books,2214,978-1250043381,,,
FIC 000701,Louise Penny,The Inspector Gamache Series Boxed Set,,,3501,Minotaur Books,2215,978-1250043382,,,
FIC 000702,Louise Penny,The Inspector Gamache Series Boxed Set,,,3502,Minotaur Books,2216,978-1250043383,,,
FIC 000703,Louise Penny,The Inspector Gamache Series Boxed Set,,,3503,Minotaur Books,2217,978-1250043384,,,
FIC 000704,Louise Penny,The Inspector Gamache Series Boxed Set,,,3504,Minotaur Books,2218,978-1250043385,,,
FIC 000705,Louise Penny,The Inspector Gamache Series Boxed Set,,,3505,Minotaur Books,2219,978-1250043386,,,
FIC 000706,Louise Penny,The Inspector Gamache Series Boxed Set,,,3506,Minotaur Books,2220,978-1250043387,,,
FIC 000707,Louise Penny,The Inspector Gamache Series Boxed Set,,,3507,Minotaur Books,2221,978-1250043388,,,
FIC 000708,Louise Penny,The Inspector Gamache Series Boxed Set,,,3508,Minotaur Books,2222,978-1250043389,,,
FIC 000709,Louise Penny,The Inspector Gamache Series Boxed Set,,,3509,Minotaur Books,2223,978-1250043390,,,
FIC 000710,Louise Penny,The Inspector Gamache Series Boxed Set,,,3510,Minotaur Books,2224,978-1250043391,,,
FIC 000711,Louise Penny,The Inspector Gamache Series Boxed Set,,,3511,Minotaur Books,2225,978-1250043392,,,
FIC 000712,Louise Penny,The Inspector Gamache Series Boxed Set,,,3512,Minotaur Books,2226,978-1250043393,,,
FIC 000713,Louise Penny,The Inspector Gamache Series Boxed Set,,,3513,Minotaur Books,2227,978-1250043394,,,
FIC 000714,Louise Penny,The Inspector Gamache Series Boxed Set,,,3514,Minotaur Books,2228,978-1250043395,,,
FIC 000715,Louise Penny,The Inspector Gamache Series Boxed Set,,,3515,Minotaur Books,2229,978-1250043396,,,
FIC 000716,Louise Penny,The Inspector Gamache Series Boxed Set,,,3516,Minotaur Books,2230,978-1250043397,,,
FIC 000717,Louise Penny,The Inspector Gamache Series Boxed Set,,,3517,Minotaur Books,2231,978-1250043398,,,
FIC 000718,Louise Penny,The Inspector Gamache Series Boxed Set,,,3518,Minotaur Books,2232,978-1250043399,,,
FIC 000719,Louise Penny,The Inspector Gamache Series Boxed Set,,,3519,Minotaur Books,2233,978-1250043400,,,
FIC 000720,Louise Penny,The Inspector Gamache Series Boxed Set,,,3520,Minotaur Books,2234,978-1250043401,,,
FIC 000721,Louise Penny,The Inspector Gamache Series Boxed Set,,,3521,Minotaur Books,2235,978-1250043402,,,
FIC 000722,Louise Penny,The Inspector Gamache Series Boxed Set,,,3522,Minotaur Books,2236,978-1250043403,,,
FIC 000723,Louise Penny,The Inspector Gamache Series Boxed Set,,,3523,Minotaur Books,2237,978-1250043404,,,
FIC 000724,Louise Penny,The Inspector Gamache Series Boxed Set,,,3524,Minotaur Books,2238,978-1250043405,,,
FIC 000725,Louise Penny,The Inspector Gamache Series Boxed Set,,,3525,Minotaur Books,2239,978-1250043406,,,
FIC 000726,Louise Penny,The Inspector Gamache Series Boxed Set,,,3526,Minotaur Books,2240,978-1250043407,,,
FIC 000727,Louise Penny,The Inspector Gamache Series Boxed Set,,,3527,Minotaur Books,2241,978-1250043408,,,
FIC 000728,Louise Penny,The Inspector Gamache Series Boxed Set,,,3528,Minotaur Books,2242,978-1250043409,,,
FIC 000729,Louise Penny,The Inspector Gamache Series Boxed Set,,,3529,Minotaur Books,2243,978-1250043410,,,
FIC 000730,Louise Penny,The Inspector Gamache Series Boxed Set,,,3530,Minotaur Books,2244,978-1250043411,,,
FIC 000731,Louise Penny,The Inspector Gamache Series Boxed Set,,,3531,Minotaur Books,2245,978-1250043412,,,
FIC 000732,Louise Penny,The Inspector Gamache Series Boxed Set,,,3532,Minotaur Books,2246,978-1250043413,,,
FIC 000733,Louise Penny,The Inspector Gamache Series Boxed Set,,,3533,Minotaur Books,2247,978-1250043414,,,
FIC 000734,Louise Penny,The Inspector Gamache Series Boxed Set,,,3534,Minotaur Books,2248,978-1250043415,,,
FIC 000735,Louise Penny,The Inspector Gamache Series Boxed Set,,,3535,Minotaur Books,2249,978-1250043416,,,
FIC 000736,Louise Penny,The Inspector Gamache Series Boxed Set,,,3536,Minotaur Books,2250,978-1250043417,,,
FIC 000737,Louise Penny,The Inspector Gamache Series Boxed Set,,,3537,Minotaur Books,2251,978-1250043418,,,
FIC 000738,Louise Penny,The Inspector Gamache Series Boxed Set,,,3538,Minotaur Books,2252,978-1250043419,,,
FIC 000739,Louise Penny,The Inspector Gamache Series Boxed Set,,,3539,Minotaur Books,2253,978-1250043420,,,
FIC 000740,Louise Penny,The Inspector Gamache Series Boxed Set,,,3540,Minotaur Books,2254,978-1250043421,,,
FIC 000741,Louise Penny,The Inspector Gamache Series Boxed Set,,,3541,Minotaur Books,2255,978-1250043422,,,
FIC 000742,Louise Penny,The Inspector Gamache Series Boxed Set,,,3542,Minotaur Books,2256,978-1250043423,,,
FIC 000743,Louise Penny,The Inspector Gamache Series Boxed Set,,,3543,Minotaur Books,2257,978-1250043424,,,
FIC 000744,Louise Penny,The Inspector Gamache Series Boxed Set,,,3544,Minotaur Books,2258,978-1250043425,,,
FIC 000745,Louise Penny,The Inspector Gamache Series Boxed Set,,,3545,Minotaur Books,2259,978-1250043426,,,
FIC 000746,Louise Penny,The Inspector Gamache Series Boxed Set,,,3546,Minotaur Books,2260,978-1250043427,,,
FIC 000747,Louise Penny,The Inspector Gamache Series Boxed Set,,,3547,Minotaur Books,2261,978-1250043428,,,
FIC 000748,Louise Penny,The Inspector Gamache Series Boxed Set,,,3548,Minotaur Books,2262,978-1250043429,,,
FIC 000749,Louise Penny,The Inspector Gamache Series Boxed Set,,,3549,Minotaur Books,2263,978-1250043430,,,
FIC 000750,Louise Penny,The Inspector Gamache Series Boxed Set,,,3550,Minotaur Books,2264,978-1250043431,,,
FIC 000751,Louise Penny,The Inspector Gamache Series Boxed Set,,,3551,Minotaur Books,2265,978-1250043432,,,
FIC 000752,Louise Penny,The Inspector Gamache Series Boxed Set,,,3552,Minotaur Books,2266,978-1250043433,,,
FIC 000753,Louise Penny,The Inspector Gamache Series Boxed Set,,,3553,Minotaur Books,2267,978-1250043434,,,
FIC 000754,Louise Penny,The Inspector Gamache Series Boxed Set,,,3554,Minotaur Books,2268,978-1250043435,,,
FIC 000755,Louise Penny,The Inspector Gamache Series Boxed Set,,,3555,Minotaur Books,2269,978-1250043436,,,
FIC 000756,Louise Penny,The Inspector Gamache Series Boxed Set,,,3556,Minotaur Books,2270,978-1250043437,,,
FIC 000757,Louise Penny,The Inspector Gamache Series Boxed Set,,,3557,Minotaur Books,2271,978-1250043438,,,
FIC 000758,Louise Penny,The Inspector Gamache Series Boxed Set,,,3558,Minotaur Books,2272,978-1250043439,,,
FIC 000759,Louise Penny,The Inspector Gamache Series Boxed Set,,,3559,Minotaur Books,2273,978-1250043440,,,
FIC 000760,Louise Penny,The Inspector Gamache Series Boxed Set,,,3560,Minotaur Books,2274,978-1250043441,,,
FIC 000761,Louise Penny,The Inspector Gamache Series Boxed Set,,,3561,Minotaur Books,2275,978-1250043442,,,
FIC 000762,Louise Penny,The Inspector Gamache Series Boxed Set,,,3562,Minotaur Books,2276,978-1250043443,,,
FIC 000763,Louise Penny,The Inspector Gamache Series Boxed Set,,,3563,Minotaur Books,2277,978-1250043444,,,
FIC 000764,Louise Penny,The Inspector Gamache Series Boxed Set,,,3564,Minotaur Books,2278,978-1250043445,,,
FIC 000765,Louise Penny,The Inspector Gamache Series Boxed Set,,,3565,Minotaur Books,2279,978-1250043446,,,
FIC 000766,Louise Penny,The Inspector Gamache Series Boxed Set,,,3566,Minotaur Books,2280,978-1250043447,,,
FIC 000767,Louise Penny,The Inspector Gamache Series Boxed Set,,,3567,Minotaur Books,2281,978-1250043448,,,
FIC 000768,Louise Penny,The Inspector Gamache Series Boxed Set,,,3568,Minotaur Books,2282,978-1250043449,,,
FIC 000769,Louise Penny,The Inspector Gamache Series Boxed Set,,,3569,Minotaur Books,2283,978-1250043450,,,
FIC 000770,Louise Penny,The Inspector Gamache Series Boxed Set,,,3570,Minotaur Books,2284,978-1250043451,,,
FIC 000771,Louise Penny,The Inspector Gamache Series Boxed Set,,,3571,Minotaur Books,2285,978-1250043452,,,
FIC 000772,Louise Penny,The Inspector Gamache Series Boxed Set,,,3572,Minotaur Books,2286,978-1250043453,,,
FIC 000773,Louise Penny,The Inspector Gamache Series Boxed Set,,,3573,Minotaur Books,2287,978-1250043454,,,
FIC 000774,Louise Penny,The Inspector Gamache Series Boxed Set,,,3574,Minotaur Books,2288,978-1250043455,,,
FIC 000775,Louise Penny,The Inspector Gamache Series Boxed Set,,,3575,Minotaur Books,2289,978-1250043456,,,
FIC 000776,Louise Penny,The Inspector Gamache Series Boxed Set,,,3576,Minotaur Books,2290,978-1250043457,,,
FIC 000777,Louise Penny,The Inspector Gamache Series Boxed Set,,,3577,Minotaur Books,2291,978-1250043458,,,
FIC 000778,Louise Penny,The Inspector Gamache Series Boxed Set,,,3578,Minotaur Books,2292,978-1250043459,,,
FIC 000779,Louise Penny,The Inspector Gamache Series Boxed Set,,,3579,Minotaur Books,2293,978-1250043460,,,
FIC 000780,Louise Penny,The Inspector Gamache Series Boxed Set,,,3580,Minotaur Books,2294,978-1250043461,,,
FIC 000781,Louise Penny,The Inspector Gamache Series Boxed Set,,,3581,Minotaur Books,2295,978-1250043462,,,
FIC 000782,Louise Penny,The Inspector Gamache Series Boxed Set,,,3582,Minotaur Books,2296,978-1250043463,,,
FIC 000783,Louise Penny,The Inspector Gamache Series Boxed Set,,,3583,Minotaur Books,2297,978-1250043464,,,
FIC 000784,Louise Penny,The Inspector Gamache Series Boxed Set,,,3584,Minotaur Books,2298,978-1250043465,,,
FIC 000785,Louise Penny,The Inspector Gamache Series Boxed Set,,,3585,Minotaur Books,2299,978-1250043466,,,
FIC 000786,Louise Penny,The Inspector Gamache Series Boxed Set,,,3586,Minotaur Books,2300,978-1250043467,,,
FIC 000787,Louise Penny,The Inspector Gamache Series Boxed Set,,,3587,Minotaur Books,2301,978-1250043468,,,
FIC 000788,Louise Penny,The Inspector Gamache Series Boxed Set,,,3588,Minotaur Books,2302,978-1250043469,,,
FIC 000789,Louise Penny,The Inspector Gamache Series Boxed Set,,,3589,Minotaur Books,2303,978-1250043470,,,
FIC 000790,Louise Penny,The Inspector Gamache Series Boxed Set,,,3590,Minotaur Books,2304,978-1250043471,,,
FIC 000791,Louise Penny,The Inspector Gamache Series Boxed Set,,,3591,Minotaur Books,2305,978-1250043472,,,
FIC 000792,Louise Penny,The Inspector Gamache Series Boxed Set,,,3592,Minotaur Books,2306,978-1250043473,,,
FIC 000793,Louise Penny,The Inspector Gamache Series Boxed Set,,,3593,Minotaur Books,2307,978-1250043474,,,
FIC 000794,Louise Penny,The Inspector Gamache Series Boxed Set,,,3594,Minotaur Books,2308,978-1250043475,,,
FIC 000795,Louise Penny,The Inspector Gamache Series Boxed Set,,,3595,Minotaur Books,2309,978-1250043476,,,
FIC 000796,Louise Penny,The Inspector Gamache Series Boxed Set,,,3596,Minotaur Books,2310,978-1250043477,,,
FIC 000797,Louise Penny,The Inspector Gamache Series Boxed Set,,,3597,Minotaur Books,2311,978-1250043478,,,
FIC 000798,Louise Penny,The Inspector Gamache Series Boxed Set,,,3598,Minotaur Books,2312,978-1250043479,,,
FIC 000799,Louise Penny,The Inspector Gamache Series Boxed Set,,,3599,Minotaur Books,2313,978-1250043480,,,
FIC 000800,Louise Penny,The Inspector Gamache Series Boxed Set,,,3600,Minotaur Books,2314,978-1250043481,,,
FIC 000801,Louise Penny,The Inspector Gamache Series Boxed Set,,,3601,Minotaur Books,2315,978-1250043482,,,
FIC 000802,Louise Penny,The Inspector Gamache Series Boxed Set,,,3602,Minotaur Books,2316,978-1250043483,,,
FIC 000803,Louise Penny,The Inspector Gamache Series Boxed Set,,,3603,Minotaur Books,2317,978-1250043484,,,
FIC 000804,Louise Penny,The Inspector Gamache Series Boxed Set,,,3604,Minotaur Books,2318,978-1250043485,,,
FIC 000805,Louise Penny,The Inspector Gamache Series Boxed Set,,,3605,Minotaur Books,2319,978-1250043486,,,
FIC 000806,Louise Penny,The Inspector Gamache Series Boxed Set,,,3606,Minotaur Books,2320,978-1250043487,,,
FIC 000807,Louise Penny,The Inspector Gamache Series Boxed Set,,,3607,Minotaur Books,2321,978-1250043488,,,
FIC 000808,Louise Penny,The Inspector Gamache Series Boxed Set,,,3608,Minotaur Books,2322,978-1250043489,,,
FIC 000809,Louise Penny,The Inspector Gamache Series Boxed Set,,,3609,Minotaur Books,2323,978-1250043490,,,
FIC 000810,Louise Penny,The Inspector Gamache Series Boxed Set,,,3610,Minotaur Books,2324,978-1250043491,,,
FIC 000811,Louise Penny,The Inspector Gamache Series Boxed Set,,,3611,Minotaur Books,2325,978-1250043492,,,
FIC 000812,Louise Penny,The Inspector Gamache Series Boxed Set,,,3612,Minotaur Books,2326,978-1250043493,,,
FIC 000813,Louise Penny,The Inspector Gamache Series Boxed Set,,,3613,Minotaur Books,2327,978-1250043494,,,
FIC 000814,Louise Penny,The Inspector Gamache Series Boxed Set,,,3614,Minotaur Books,2328,978-1250043495,,,
FIC 000815,Louise Penny,The Inspector Gamache Series Boxed Set,,,3615,Minotaur Books,2329,978-1250043496,,,
FIC 000816,Louise Penny,The Inspector Gamache Series Boxed Set,,,3616,Minotaur Books,2330,978-1250043497,,,
FIC 000817,Louise Penny,The Inspector Gamache Series Boxed Set,,,3617,Minotaur Books,2331,978-1250043498,,,
FIC 000818,Louise Penny,The Inspector Gamache Series Boxed Set,,,3618,Minotaur Books,2332,978-1250043499,,,
FIC 000819,Louise Penny,The Inspector Gamache Series Boxed Set,,,3619,Minotaur Books,2333,978-1250043500,,,
FIC 000820,Louise Penny,The Inspector Gamache Series Boxed Set,,,3620,Minotaur Books,2334,978-1250043501,,,
FIC 000821,Louise Penny,The Inspector Gamache Series Boxed Set,,,3621,Minotaur Books,2335,978-1250043502,,,
FIC 000822,Louise Penny,The Inspector Gamache Series Boxed Set,,,3622,Minotaur Books,2336,978-1250043503,,,
FIC 000823,Louise Penny,The Inspector Gamache Series Boxed Set,,,3623,Minotaur Books,2337,978-1250043504,,,
FIC 000824,Louise Penny,The Inspector Gamache Series Boxed Set,,,3624,Minotaur Books,2338,978-1250043505,,,
FIC 000825,Louise Penny,The Inspector Gamache Series Boxed Set,,,3625,Minotaur Books,2339,978-1250043506,,,
FIC 000826,Louise Penny,The Inspector Gamache Series Boxed Set,,,3626,Minotaur Books,2340,978-1250043507,,,
FIC 000827,Louise Penny,The Inspector Gamache Series Boxed Set,,,3627,Minotaur Books,2341,978-1250043508,,,
FIC 000828,Louise Penny,The Inspector Gamache Series Boxed Set,,,3628,Minotaur Books,2342,978-1250043509,,,
FIC 000829,Louise Penny,The Inspector Gamache Series Boxed Set,,,3629,Minotaur Books,2343,978-1250043510,,,
FIC 000830,Louise Penny,The Inspector Gamache Series Boxed Set,,,3630,Minotaur Books,2344,978-1250043511,,,
FIC 000831,Louise Penny,The Inspector Gamache Series Boxed Set,,,3631,Minotaur Books,2345,978-1250043512,,,
FIC 000832,Louise Penny,The Inspector Gamache Series Boxed Set,,,3632,Minotaur Books,2346,978-1250043513,,,
FIC 000833,Louise Penny,The Inspector Gamache Series Boxed Set,,,3633,Minotaur Books,2347,978-1250043514,,,
FIC 000834,Louise Penny,The Inspector Gamache Series Boxed Set,,,3634,Minotaur Books,2348,978-1250043515,,,
FIC 000835,Louise Penny,The Inspector Gamache Series Boxed Set,,,3635,Minotaur Books,2349,978-1250043516,,,
FIC 000836,Louise Penny,The Inspector Gamache Series Boxed Set,,,3636,Minotaur Books,2350,978-1250043517,,,
FIC 000837,Louise Penny,The Inspector Gamache Series Boxed Set,,,3637,Minotaur Books,2351,978-1250043518,,,
FIC 000838,Louise Penny,The Inspector Gamache Series Boxed Set,,,3638,Minotaur Books,2352,978-1250043519,,,
FIC 000839,Louise Penny,The Inspector Gamache Series Boxed Set,,,3639,Minotaur Books,2353,978-1250043520,,,
FIC 000840,Louise Penny,The Inspector Gamache Series Boxed Set,,,3640,Minotaur Books,2354,978-1250043521,,,
FIC 000841,Louise Penny,The Inspector Gamache Series Boxed Set,,,3641,Minotaur Books,2355,978-1250043522,,,
FIC 000842,Louise Penny,The Inspector Gamache Series Boxed Set,,,3642,Minotaur Books,2356,978-1250043523,,,
FIC 000843,Louise Penny,The Inspector Gamache Series Boxed Set,,,3643,Minotaur Books,2357,978-1250043524,,,
FIC 000844,Louise Penny,The Inspector Gamache Series Boxed Set,,,3644,Minotaur Books,2358,978-1250043525,,,
FIC 000845,Louise Penny,The Inspector Gamache Series Boxed Set,,,3645,Minotaur Books,2359,978-1250043526,,,
FIC 000846,Louise Penny,The Inspector Gamache Series Boxed Set,,,3646,Minotaur Books,2360,978-1250043527,,,
FIC 000847,Louise Penny,The Inspector Gamache Series Boxed Set,,,3647,Minotaur Books,2361,978-1250043528,,,
FIC 000848,Louise Penny,The Inspector Gamache Series Boxed Set,,,3648,Minotaur Books,2362,978-1250043529,,,
FIC 000849,Louise Penny,The Inspector Gamache Series Boxed Set,,,3649,Minotaur Books,2363,978-1250043530,,,
FIC 000850,Louise Penny,The Inspector Gamache Series Boxed Set,,,3650,Minotaur Books,2364,978-1250043531,,,
FIC 000851,Louise Penny,The Inspector Gamache Series Boxed Set,,,3651,Minotaur Books,2365,978-1250043532,,,
FIC 000852,Louise Penny,The Inspector Gamache Series Boxed Set,,,3652,Minotaur Books,2366,978-1250043533,,,
FIC 000853,Louise Penny,The Inspector Gamache Series Boxed Set,,,3653,Minotaur Books,2367,978-1250043534,,,
FIC 000854,Louise Penny,The Inspector Gamache Series Boxed Set,,,3654,Minotaur Books,2368,978-1250043535,,,
FIC 000855,Louise Penny,The Inspector Gamache Series Boxed Set,,,3655,Minotaur Books,2369,978-1250043536,,,
FIC 000856,Louise Penny,The Inspector Gamache Series Boxed Set,,,3656,Minotaur Books,2370,978-1250043537,,,
FIC 000857,Louise Penny,The Inspector Gamache Series Boxed Set,,,3657,Minotaur Books,2371,978-1250043538,,,
FIC 000858,Louise Penny,The Inspector Gamache Series Boxed Set,,,3658,Minotaur Books,2372,978-1250043539,,,
FIC 000859,Louise Penny,The Inspector Gamache Series Boxed Set,,,3659,Minotaur Books,2373,978-1250043540,,,
FIC 000860,Louise Penny,The Inspector Gamache Series Boxed Set,,,3660,Minotaur Books,2374,978-1250043541,,,
FIC 000861,Louise Penny,The Inspector Gamache Series Boxed Set,,,3661,Minotaur Books,2375,978-1250043542,,,
FIC 000862,Louise Penny,The Inspector Gamache Series Boxed Set,,,3662,Minotaur Books,2376,978-1250043543,,,
FIC 000863,Louise Penny,The Inspector Gamache Series Boxed Set,,,3663,Minotaur Books,2377,978-1250043544,,,
FIC 000864,Louise Penny,The Inspector Gamache Series Boxed Set,,,3664,Minotaur Books,2378,978-1250043545,,,
FIC 000865,Louise Penny,The Inspector Gamache Series Boxed Set,,,3665,Minotaur Books,2379,978-1250043546,,,
FIC 000866,Louise Penny,The Inspector Gamache Series Boxed Set,,,3666,Minotaur Books,2380,978-1250043547,,,
FIC 000867,Louise Penny,The Inspector Gamache Series Boxed Set,,,3667,Minotaur Books,2381,978-1250043548,,,
FIC 000868,Louise Penny,The Inspector Gamache Series Boxed Set,,,3668,Minotaur Books,2382,978-1250043549,,,
FIC 000869,Louise Penny,The Inspector Gamache Series Boxed Set,,,3669,Minotaur Books,2383,978-1250043550,,,
FIC 000870,Louise Penny,The Inspector Gamache Series Boxed Set,,,3670,Minotaur Books,2384,978-1250043551,,,
FIC 000871,Louise Penny,The Inspector Gamache Series Boxed Set,,,3671,Minotaur Books,2385,978-1250043552,,,
FIC 000872,Louise Penny,The Inspector Gamache Series Boxed Set,,,3672,Minotaur Books,2386,978-1250043553,,,
FIC 000873,Louise Penny,The Inspector Gamache Series Boxed Set,,,3673,Minotaur Books,2387,978-1250043554,,,
FIC 000874,Louise Penny,The Inspector Gamache Series Boxed Set,,,3674,Minotaur Books,2388,978-1250043555,,,
FIC 000875,Louise Penny,The Inspector Gamache Series Boxed Set,,,3675,Minotaur Books,2389,978-1250043556,,,
FIC 000876,Louise Penny,The Inspector Gamache Series Boxed Set,,,3676,Minotaur Books,2390,978-1250043557,,,
FIC 000877,Louise Penny,The Inspector Gamache Series Boxed Set,,,3677,Minotaur Books,2391,978-1250043558,,,
FIC 000878,Louise Penny,The Inspector Gamache Series Boxed Set,,,3678,Minotaur Books,2392,978-1250043559,,,
FIC 000879,Louise Penny,The Inspector Gamache Series Boxed Set,,,3679,Minotaur Books,2393,978-1250043560,,,
FIC 000880,Louise Penny,The Inspector Gamache Series Boxed Set,,,3680,Minotaur Books,2394,978-1250043561,,,
FIC 000881,Louise Penny,The Inspector Gamache Series Boxed Set,,,3681,Minotaur Books,2395,978-1250043562,,,
FIC 000882,Louise Penny,The Inspector Gamache Series Boxed Set,,,3682,Minotaur Books,2396,978-1250043563,,,
FIC 000883,Louise Penny,The Inspector Gamache Series Boxed Set,,,3683,Minotaur Books,2397,978-1250043564,,,
FIC 000884,Louise Penny,The Inspector Gamache Series Boxed Set,,,3684,Minotaur Books,2398,978-1250043565,,,
FIC 000885,Louise Penny,The Inspector Gamache Series Boxed Set,,,3685,Minotaur Books,2399,978-1250043566,,,
FIC 000886,Louise Penny,The Inspector Gamache Series Boxed Set,,,3686,Minotaur Books,2400,978-1250043567,,,
FIC 000887,Louise Penny,The Inspector Gamache Series Boxed Set,,,3687,Minotaur Books,2401,978-1250043568,,,
FIC 000888,Louise Penny,The Inspector Gamache Series Boxed Set,,,3688,Minotaur Books,2402,978-1250043569,,,
FIC 000889,Louise Penny,The Inspector Gamache Series Boxed Set,,,3689,Minotaur Books,2403,978-1250043570,,,
FIC 000890,Louise Penny,The Inspector Gamache Series Boxed Set,,,3690,Minotaur Books,2404,978-1250043571,,,
FIC 000891,Louise Penny,The Inspector Gamache Series Boxed Set,,,3691,Minotaur Books,2405,978-1250043572,,,
FIC 000892,Louise Penny,The Inspector Gamache Series Boxed Set,,,3692,Minotaur Books,2406,978-1250043573,,,
FIC 000893,Louise Penny,The Inspector Gamache Series Boxed Set,,,3693,Minotaur Books,2407,978-1250043574,,,
FIC 000894,Louise Penny,The Inspector Gamache Series Boxed Set,,,3694,Minotaur Books,2408,978-1250043575,,,
FIC 000895,Louise Penny,The Inspector Gamache Series Boxed Set,,,3695,Minotaur Books,2409,978-1250043576,,,
FIC 000896,Louise Penny,The Inspector Gamache Series Boxed Set,,,3696,Minotaur Books,2410,978-1250043577,,,
FIC 000897,Louise Penny,The Inspector Gamache Series Boxed Set,,,3697,Minotaur Books,2411,978-1250043578,,,
FIC 000898,Louise Penny,The Inspector Gamache Series Boxed Set,,,3698,Minotaur Books,2412,978-1250043579,,,
FIC 000899,Louise Penny,The Inspector Gamache Series Boxed Set,,,3699,Minotaur Books,2413,978-1250043580,,,
FIC 000900,Louise Penny,The Inspector Gamache Series Boxed Set,,,3700,Minotaur Books,2414,978-1250043581,,,
FIC 000901,Louise Penny,The Inspector Gamache Series Boxed Set,,,3701,Minotaur Books,2415,978-1250043582,,,
FIC 000902,Louise Penny,The Inspector Gamache Series Boxed Set,,,3702,Minotaur Books,2416,978-1250043583,,,
FIC 000903,Louise Penny,The Inspector Gamache Series Boxed Set,,,3703,Minotaur Books,2417,978-1250043584,,,
FIC 000904,Louise Penny,The Inspector Gamache Series Boxed Set,,,3704,Minotaur Books,2418,978-1250043585,,,
FIC 000905,Louise Penny,The Inspector Gamache Series Boxed Set,,,3705,Minotaur Books,2419,978-1250043586,,,
FIC 000906,Louise Penny,The Inspector Gamache Series Boxed Set,,,3706,Minotaur Books,2420,978-1250043587,,,
FIC 000907,Louise Penny,The Inspector Gamache Series Boxed Set,,,3707,Minotaur Books,2421,978-1250043588,,,
FIC 000908,Louise Penny,The Inspector Gamache Series Boxed Set,,,3708,Minotaur Books,2422,978-1250043589,,,
FIC 000909,Louise Penny,The Inspector Gamache Series Boxed Set,,,3709,Minotaur Books,2423,978-1250043590,,,
FIC 000910,Louise Penny,The Inspector Gamache Series Boxed Set,,,3710,Minotaur Books,2424,978-1250043591,,,
FIC 000911,Louise Penny,The Inspector Gamache Series Boxed Set,,,3711,Minotaur Books,2425,978-1250043592,,,
FIC 000912,Louise Penny,The Inspector Gamache Series Boxed Set,,,3712,Minotaur Books,2426,978-1250043593,,,
FIC 000913,Louise Penny,The Inspector Gamache Series Boxed Set,,,3713,Minotaur Books,2427,978-1250043594,,,
FIC 000914,Louise Penny,The Inspector Gamache Series Boxed Set,,,3714,Minotaur Books,2428,978-1250043595,,,
FIC 000915,Louise Penny,The Inspector Gamache Series Boxed Set,,,3715,Minotaur Books,2429,978-1250043596,,,
FIC 000916,Louise Penny,The Inspector Gamache Series Boxed Set,,,3716,Minotaur Books,2430,978-1250043597,,,
FIC 000917,Louise Penny,The Inspector Gamache Series Boxed Set,,,3717,Minotaur Books,2431,978-1250043598,,,
FIC 000918,Louise Penny,The Inspector Gamache Series Boxed Set,,,3718,Minotaur Books,2432,978-1250043599,,,
FIC 000919,Louise Penny,The Inspector Gamache Series Boxed Set,,,3719,Minotaur Books,2433,978-1250043600,,,
FIC 000920,Louise Penny,The Inspector Gamache Series Boxed Set,,,3720,Minotaur Books,2434,978-1250043601,,,
FIC 000921,Louise Penny,The Inspector Gamache Series Boxed Set,,,3721,Minotaur Books,2435,978-1250043602,,,
FIC 000922,Louise Penny,The Inspector Gamache Series Boxed Set,,,3722,Minotaur Books,2436,978-1250043603,,,
FIC 000923,Louise Penny,The Inspector Gamache Series Boxed Set,,,3723,Minotaur Books,2437,978-1250043604,,,
FIC 000924,Louise Penny,The Inspector Gamache Series Boxed Set,,,3724,Minotaur Books,2438,978-1250043605,,,
FIC 000925,Louise Penny,The Inspector Gamache Series Boxed Set,,,3725,Minotaur Books,2439,978-1250043606,,,
FIC 000926,Louise Penny,The Inspector Gamache Series Boxed Set,,,3726,Minotaur Books,2440,978-1250043607,,,
FIC 000927,Louise Penny,The Inspector Gamache Series Boxed Set,,,3727,Minotaur Books,2441,978-1250043608,,,
FIC 000928,Louise Penny,The Inspector Gamache Series Boxed Set,,,3728,Minotaur Books,2442,978-1250043609,,,
FIC 000929,Louise Penny,The Inspector Gamache Series Boxed Set,,,3729,Minotaur Books,2443,978-1250043610,,,
FIC 000930,Louise Penny,The Inspector Gamache Series Boxed Set,,,3730,Minotaur Books,2444,978-1250043611,,,
FIC 000931,Louise Penny,The Inspector Gamache Series Boxed Set,,,3731,Minotaur Books,2445,978-1250043612,,,
FIC 000932,Louise Penny,The Inspector Gamache Series Boxed Set,,,3732,Minotaur Books,2446,978-1250043613,,,
FIC 000933,Louise Penny,The Inspector Gamache Series Boxed Set,,,3733,Minotaur Books,2447,978-1250043614,,,
FIC 000934,Louise Penny,The Inspector Gamache Series Boxed Set,,,3734,Minotaur Books,2448,978-1250043615,,,
FIC 000935,Louise Penny,The Inspector Gamache Series Boxed Set,,,3735,Minotaur Books,2449,978-1250043616,,,
FIC 000936,Louise Penny,The Inspector Gamache Series Boxed Set,,,3736,Minotaur Books,2450,978-1250043617,,,
FIC 000937,Louise Penny,The Inspector Gamache Series Boxed Set,,,3737,Minotaur Books,2451,978-1250043618,,,
FIC 000938,Louise Penny,The Inspector Gamache Series Boxed Set,,,3738,Minotaur Books,2452,978-1250043619,,,
FIC 000939,Louise Penny,The Inspector Gamache Series Boxed Set,,,3739,Minotaur Books,2453,978-1250043620,,,
FIC 000940,Louise Penny,The Inspector Gamache Series Boxed Set,,,3740,Minotaur Books,2454,978-1250043621,,,
FIC 000941,Louise Penny,The Inspector Gamache Series Boxed Set,,,3741,Minotaur Books,2455,978-1250043622,,,
FIC 000942,Louise Penny,The Inspector Gamache Series Boxed Set,,,3742,Minotaur Books,2456,978-1250043623,,,
FIC 000943,Louise Penny,The Inspector Gamache Series Boxed Set,,,3743,Minotaur Books,2457,978-1250043624,,,
FIC 000944,Louise Penny,The Inspector Gamache Series Boxed Set,,,3744,Minotaur Books,2458,978-1250043625,,,
FIC 000945,Louise Penny,The Inspector Gamache Series Boxed Set,,,3745,Minotaur Books,2459,978-1250043626,,,
FIC 000946,Louise Penny,The Inspector Gamache Series Boxed Set,,,3746,Minotaur Books,2460,978-1250043627,,,
FIC 000947,Louise Penny,The Inspector Gamache Series Boxed Set,,,3747,Minotaur Books,2461,978-1250043628,,,
FIC 000948,Louise Penny,The Inspector Gamache Series Boxed Set,,,3748,Minotaur Books,2462,978-1250043629,,,
FIC 000949,Louise Penny,The Inspector Gamache Series Boxed Set,,,3749,Minotaur Books,2463,978-1250043630,,,
FIC 000950,Louise Penny,The Inspector Gamache Series Boxed Set,,,3750,Minotaur Books,2464,978-1250043631,,,
FIC 000951,Louise Penny,The Inspector Gamache Series Boxed Set,,,3751,Minotaur Books,2465,978-1250043632,,,
FIC 000952,Louise Penny,The Inspector Gamache Series Boxed Set,,,3752,Minotaur Books,2466,978-1250043633,,,
FIC 000953,Louise Penny,The Inspector Gamache Series Boxed Set,,,3753,Minotaur Books,2467,978-1250043634,,,
FIC 000954,Louise Penny,The Inspector Gamache Series Boxed Set,,,3754,Minotaur Books,2468,978-1250043635,,,
FIC 000955,Louise Penny,The Inspector Gamache Series Boxed Set,,,3755,Minotaur Books,2469,978-1250043636,,,
FIC 000956,Louise Penny,The Inspector Gamache Series Boxed Set,,,3756,Minotaur Books,2470,978-1250043637,,,
FIC 000957,Louise Penny,The Inspector Gamache Series Boxed Set,,,3757,Minotaur Books,2471,978-1250043638,,,
FIC 000958,Louise Penny,The Inspector Gamache Series Boxed Set,,,3758,Minotaur Books,2472,978-1250043639,,,
FIC 000959,Louise Penny,The Inspector Gamache Series Boxed Set,,,3759,Minotaur Books,2473,978-1250043640,,,
FIC 000960,Louise Penny,The Inspector Gamache Series Boxed Set,,,3760,Minotaur Books,2474,978-1250043641,,,
FIC 000961,Louise Penny,The Inspector Gamache Series Boxed Set,,,3761,Minotaur Books,2475,978-1250043642,,,
FIC 000962,Louise Penny,The Inspector Gamache Series Boxed Set,,,3762,Minotaur Books,2476,978-1250043643,,,
FIC 000963,Louise Penny,The Inspector Gamache Series Boxed Set,,,3763,Minotaur Books,2477,978-1250043644,,,
FIC 000964,Louise Penny,The Inspector Gamache Series Boxed Set,,,3764,Minotaur Books,2478,978-1250043645,,,
FIC 000965,Louise Penny,The Inspector Gamache Series Boxed Set,,,3765,Minotaur Books,2479,978-1250043646,,,
FIC 000966,Louise Penny,The Inspector Gamache Series Boxed Set,,,3766,Minotaur Books,2480,978-1250043647,,,
FIC 000967,Louise Penny,The Inspector Gamache Series Boxed Set,,,3767,Minotaur Books,2481,978-1250043648,,,
FIC 000968,Louise Penny,The Inspector Gamache Series Boxed Set,,,3768,Minotaur Books,2482,978-1250043649,,,
FIC 000969,Louise Penny,The Inspector Gamache Series Boxed Set,,,3769,Minotaur Books,2483,978-1250043650,,,
FIC 000970,Louise Penny,The Inspector Gamache Series Boxed Set,,,3770,Minotaur Books,2484,978-1250043651,,,
FIC 000971,Louise Penny,The Inspector Gamache Series Boxed Set,,,3771,Minotaur Books,2485,978-1250043652,,,
FIC 000972,Louise Penny,The Inspector Gamache Series Boxed Set,,,3772,Minotaur Books,2486,978-1250043653,,,
FIC 000973,Louise Penny,The Inspector Gamache Series Boxed Set,,,3773,Minotaur Books,2487,978-1250043654,,,
FIC 000974,Louise Penny,The Inspector Gamache Series Boxed Set,,,3774,Minotaur Books,2488,978-1250043655,,,
FIC 000975,Louise Penny,The Inspector Gamache Series Boxed Set,,,3775,Minotaur Books,2489,978-1250043656,,,
FIC 000976,Louise Penny,The Inspector Gamache Series Boxed Set,,,3776,Minotaur Books,2490,978-1250043657,,,
FIC 000977,Louise Penny,The Inspector Gamache Series Boxed Set,,,3777,Minotaur Books,2491,978-1250043658,,,
FIC 000978,Louise Penny,The Inspector Gamache Series Boxed Set,,,3778,Minotaur Books,2492,978-1250043659,,,
FIC 000979,Louise Penny,The Inspector Gamache Series Boxed Set,,,3779,Minotaur Books,2493,978-1250043660,,,
FIC 000980,Louise Penny,The Inspector Gamache Series Boxed Set,,,3780,Minotaur Books,2494,978-1250043661,,,
FIC 000981,Louise Penny,The Inspector Gamache Series Boxed Set,,,3781,Minotaur Books,2495,978-1250043662,,,
FIC 000982,Louise Penny,The Inspector Gamache Series Boxed Set,,,3782,Minotaur Books,2496,978-1250043663,,,
FIC 000983,Louise Penny,The Inspector Gamache Series Boxed Set,,,3783,Minotaur Books,2497,978-1250043664,,,
FIC 000984,Louise Penny,The Inspector Gamache Series Boxed Set,,,3784,Minotaur Books,2498,978-1250043665,,,
FIC 000985,Louise Penny,The Inspector Gamache Series Boxed Set,,,3785,Minotaur Books,2499,978-1250043666,,,
FIC 000986,Louise Penny,The Inspector Gamache Series Boxed Set,,,3786,Minotaur Books,2500,978-1250043667,,,
FIC 000987,Louise Penny,The Inspector Gamache Series Boxed Set,,,3787,Minotaur Books,2501,978-1250043668,,,
FIC 000988,Louise Penny,The Inspector Gamache Series Boxed Set,,,3788,Minotaur Books,2502,978-1250043669,,,
FIC 000989,Louise Penny,The Inspector Gamache Series Boxed Set,,,3789,Minotaur Books,2503,978-1250043670,,,
FIC 000990,Louise Penny,The Inspector Gamache Series Boxed Set,,,3790,Minotaur Books,2504,978-1250043671,,,
FIC 000991,Louise Penny,The Inspector Gamache Series Boxed Set,,,3791,Minotaur Books,2505,978-1250043672,,,
FIC 000992,Louise Penny,The Inspector Gamache Series Boxed Set,,,3792,Minotaur Books,2506,978-1250043673,,,
FIC 000993,Louise Penny,The Inspector Gamache Series Boxed Set,,,3793,Minotaur Books,2507,978-1250043674,,,
FIC 000994,Louise Penny,The Inspector Gamache Series Boxed Set,,,3794,Minotaur Books,2508,978-1250043675,,,
FIC 000995,Louise Penny,The Inspector Gamache Series Boxed Set,,,3795,Minotaur Books,2509,978-1250043676,,,
FIC 000996,Louise Penny,The Inspector Gamache Series Boxed Set,,,3796,Minotaur Books,2510,978-1250043677,,,
FIC 000997,Louise Penny,The Inspector Gamache Series Boxed Set,,,3797,Minotaur Books,2511,978-1250043678,,,
FIC 000998,Louise Penny,The Inspector Gamache Series Boxed Set,,,3798,Minotaur Books,2512,978-1250043679,,,
FIC 000999,Louise Penny,The Inspector Gamache Series Boxed Set,,,3799,Minotaur Books,2513,978-1250043680,,,
FIC 001000,Louise Penny,The Inspector Gamache Series Boxed Set,,,3800,Minotaur Books,2514,978-1250043681,,,